,RIAGENDR,RIDAGEMN,RIDRETH1,HIGHEST_EDUCATION,RETIRED
0,1.0,11.0,3.0,ELEMENTARY,0.0
8,1.0,10.0,5.0,ELEMENTARY,0.0
9,2.0,493.0,4.0,OTHERS,0.0
11,1.0,37.0,1.0,ELEMENTARY,0.0
38,1.0,13.0,1.0,ELEMENTARY,0.0
41,1.0,11.0,3.0,ELEMENTARY,0.0
42,2.0,41.0,4.0,ELEMENTARY,0.0
49,2.0,42.0,3.0,ELEMENTARY,0.0
55,2.0,34.0,1.0,ELEMENTARY,0.0
57,1.0,5.0,3.0,ELEMENTARY,0.0
58,1.0,13.0,3.0,ELEMENTARY,0.0
61,2.0,70.0,4.0,ELEMENTARY,0.0
70,1.0,5.397605346934028e-79,1.0,ELEMENTARY,0.0
71,1.0,4.0,3.0,ELEMENTARY,0.0
73,2.0,14.0,3.0,ELEMENTARY,0.0
75,1.0,23.0,3.0,ELEMENTARY,0.0
82,2.0,34.0,1.0,ELEMENTARY,0.0
89,1.0,3.0,4.0,ELEMENTARY,0.0
90,2.0,14.0,4.0,ELEMENTARY,0.0
95,1.0,58.0,1.0,ELEMENTARY,0.0
102,1.0,55.0,1.0,ELEMENTARY,0.0
107,2.0,9.0,4.0,ELEMENTARY,0.0
109,2.0,67.0,1.0,ELEMENTARY,0.0
116,1.0,971.0,3.0,COLLEGE,1.0
124,2.0,42.0,4.0,ELEMENTARY,0.0
126,1.0,312.0,3.0,OTHERS,0.0
129,1.0,37.0,1.0,ELEMENTARY,0.0
133,2.0,63.0,3.0,ELEMENTARY,0.0
154,2.0,35.0,1.0,ELEMENTARY,0.0
155,2.0,200.0,1.0,ELEMENTARY,0.0
156,2.0,2.0,1.0,ELEMENTARY,0.0
160,1.0,31.0,1.0,ELEMENTARY,0.0
169,2.0,55.0,3.0,ELEMENTARY,0.0
179,1.0,5.0,4.0,ELEMENTARY,0.0
188,1.0,46.0,1.0,ELEMENTARY,0.0
195,1.0,57.0,1.0,ELEMENTARY,0.0
199,2.0,42.0,1.0,ELEMENTARY,0.0
200,1.0,17.0,5.0,ELEMENTARY,0.0
208,1.0,1.0,5.0,ELEMENTARY,0.0
211,2.0,28.0,1.0,ELEMENTARY,0.0
213,1.0,5.0,3.0,ELEMENTARY,0.0
228,1.0,103.0,5.0,ELEMENTARY,0.0
229,2.0,5.397605346934028e-79,3.0,ELEMENTARY,0.0
230,2.0,1068.0,3.0,ELEMENTARY,1.0
232,2.0,40.0,1.0,ELEMENTARY,0.0
239,1.0,11.0,1.0,ELEMENTARY,0.0
241,2.0,838.0,3.0,HIGHSCHOOL,1.0
242,2.0,11.0,4.0,ELEMENTARY,0.0
247,2.0,48.0,3.0,ELEMENTARY,0.0
250,2.0,50.0,3.0,ELEMENTARY,0.0
263,2.0,34.0,2.0,ELEMENTARY,0.0
265,1.0,739.0,1.0,HIGHSCHOOL,0.0
274,1.0,32.0,3.0,ELEMENTARY,0.0
277,1.0,33.0,1.0,ELEMENTARY,0.0
278,1.0,38.0,1.0,ELEMENTARY,0.0
281,2.0,23.0,5.0,ELEMENTARY,0.0
284,1.0,54.0,1.0,ELEMENTARY,0.0
285,1.0,33.0,1.0,ELEMENTARY,0.0
287,1.0,26.0,1.0,ELEMENTARY,0.0
292,2.0,5.0,3.0,ELEMENTARY,0.0
294,2.0,38.0,1.0,ELEMENTARY,0.0
295,2.0,52.0,4.0,ELEMENTARY,0.0
297,2.0,41.0,4.0,ELEMENTARY,0.0
306,2.0,50.0,1.0,ELEMENTARY,0.0
309,2.0,3.0,3.0,ELEMENTARY,0.0
311,2.0,61.0,3.0,ELEMENTARY,0.0
317,1.0,462.0,3.0,ELEMENTARY,0.0
318,1.0,36.0,1.0,ELEMENTARY,0.0
321,2.0,32.0,1.0,ELEMENTARY,0.0
322,2.0,446.0,3.0,OTHERS,0.0
323,1.0,20.0,3.0,ELEMENTARY,0.0
328,1.0,403.0,4.0,OTHERS,0.0
332,1.0,42.0,3.0,ELEMENTARY,0.0
334,1.0,1.0,4.0,ELEMENTARY,0.0
335,1.0,48.0,4.0,ELEMENTARY,0.0
340,1.0,5.0,5.0,ELEMENTARY,0.0
346,2.0,69.0,4.0,ELEMENTARY,0.0
348,1.0,17.0,3.0,ELEMENTARY,0.0
349,1.0,67.0,1.0,ELEMENTARY,0.0
352,1.0,2.0,1.0,ELEMENTARY,0.0
363,1.0,1.0,3.0,ELEMENTARY,0.0
366,2.0,29.0,1.0,ELEMENTARY,0.0
373,1.0,6.0,1.0,ELEMENTARY,0.0
396,1.0,9.0,1.0,ELEMENTARY,0.0
399,2.0,26.0,4.0,ELEMENTARY,0.0
409,2.0,58.0,1.0,ELEMENTARY,0.0
411,2.0,7.0,1.0,ELEMENTARY,0.0
415,1.0,414.0,3.0,OTHERS,0.0
425,2.0,66.0,4.0,ELEMENTARY,0.0
430,1.0,433.0,1.0,ELEMENTARY,0.0
435,2.0,73.0,4.0,ELEMENTARY,0.0
449,1.0,612.0,3.0,ELEMENTARY,0.0
451,2.0,51.0,1.0,ELEMENTARY,0.0
454,1.0,220.0,4.0,ELEMENTARY,0.0
457,2.0,5.397605346934028e-79,4.0,ELEMENTARY,0.0
468,1.0,26.0,3.0,ELEMENTARY,0.0
471,2.0,34.0,1.0,ELEMENTARY,0.0
473,1.0,171.0,4.0,ELEMENTARY,0.0
475,2.0,52.0,3.0,ELEMENTARY,0.0
485,2.0,33.0,3.0,ELEMENTARY,0.0
486,1.0,1.0,1.0,ELEMENTARY,0.0
487,1.0,35.0,5.0,ELEMENTARY,0.0
494,2.0,70.0,1.0,ELEMENTARY,0.0
497,1.0,53.0,3.0,ELEMENTARY,0.0
499,2.0,27.0,4.0,ELEMENTARY,0.0
501,1.0,12.0,3.0,ELEMENTARY,0.0
505,2.0,26.0,5.0,ELEMENTARY,0.0
515,2.0,28.0,5.0,ELEMENTARY,0.0
517,1.0,22.0,1.0,ELEMENTARY,0.0
521,2.0,5.0,1.0,ELEMENTARY,0.0
529,2.0,45.0,2.0,ELEMENTARY,0.0
532,1.0,10.0,3.0,ELEMENTARY,0.0
538,2.0,160.0,3.0,ELEMENTARY,0.0
540,2.0,21.0,5.0,ELEMENTARY,0.0
546,1.0,44.0,1.0,ELEMENTARY,0.0
549,2.0,29.0,2.0,ELEMENTARY,0.0
551,1.0,32.0,1.0,ELEMENTARY,0.0
556,2.0,59.0,3.0,ELEMENTARY,0.0
561,1.0,39.0,4.0,ELEMENTARY,0.0
566,2.0,7.0,3.0,ELEMENTARY,0.0
569,2.0,23.0,1.0,ELEMENTARY,0.0
570,2.0,37.0,1.0,ELEMENTARY,0.0
578,2.0,33.0,1.0,ELEMENTARY,0.0
588,2.0,3.0,4.0,ELEMENTARY,0.0
589,1.0,17.0,3.0,ELEMENTARY,0.0
599,2.0,35.0,3.0,ELEMENTARY,0.0
600,1.0,35.0,1.0,ELEMENTARY,0.0
608,1.0,22.0,3.0,ELEMENTARY,0.0
611,2.0,48.0,1.0,ELEMENTARY,0.0
631,2.0,11.0,1.0,ELEMENTARY,0.0
632,2.0,8.0,1.0,ELEMENTARY,0.0
633,2.0,23.0,3.0,ELEMENTARY,0.0
634,2.0,70.0,4.0,ELEMENTARY,0.0
643,1.0,60.0,3.0,ELEMENTARY,0.0
646,2.0,80.0,3.0,ELEMENTARY,0.0
647,1.0,67.0,4.0,ELEMENTARY,0.0
648,1.0,68.0,4.0,ELEMENTARY,0.0
650,1.0,736.0,1.0,ELEMENTARY,0.0
655,2.0,20.0,3.0,ELEMENTARY,0.0
656,2.0,53.0,1.0,ELEMENTARY,0.0
671,1.0,13.0,3.0,ELEMENTARY,0.0
676,1.0,4.0,1.0,ELEMENTARY,0.0
682,2.0,14.0,4.0,ELEMENTARY,0.0
683,1.0,51.0,1.0,ELEMENTARY,0.0
685,2.0,3.0,1.0,ELEMENTARY,0.0
688,2.0,21.0,3.0,ELEMENTARY,0.0
691,2.0,53.0,3.0,ELEMENTARY,0.0
698,2.0,48.0,5.0,ELEMENTARY,0.0
699,2.0,26.0,1.0,ELEMENTARY,0.0
702,2.0,55.0,4.0,ELEMENTARY,0.0
705,2.0,66.0,1.0,ELEMENTARY,0.0
707,1.0,15.0,3.0,ELEMENTARY,0.0
714,1.0,31.0,3.0,ELEMENTARY,0.0
718,2.0,190.0,4.0,ELEMENTARY,0.0
724,1.0,38.0,1.0,ELEMENTARY,0.0
729,2.0,70.0,3.0,ELEMENTARY,0.0
733,1.0,55.0,4.0,ELEMENTARY,0.0
742,1.0,36.0,1.0,ELEMENTARY,0.0
748,2.0,23.0,3.0,ELEMENTARY,0.0
749,2.0,47.0,4.0,ELEMENTARY,0.0
754,1.0,66.0,3.0,ELEMENTARY,0.0
756,2.0,19.0,3.0,ELEMENTARY,0.0
760,2.0,70.0,4.0,ELEMENTARY,0.0
764,2.0,24.0,1.0,ELEMENTARY,0.0
773,2.0,42.0,4.0,ELEMENTARY,0.0
774,2.0,44.0,4.0,ELEMENTARY,0.0
775,2.0,404.0,3.0,COLLEGE,0.0
777,1.0,42.0,1.0,ELEMENTARY,0.0
779,2.0,5.0,4.0,ELEMENTARY,0.0
781,1.0,54.0,1.0,ELEMENTARY,0.0
783,1.0,18.0,1.0,ELEMENTARY,0.0
784,1.0,36.0,1.0,ELEMENTARY,0.0
789,2.0,48.0,1.0,ELEMENTARY,0.0
790,2.0,48.0,4.0,ELEMENTARY,0.0
791,1.0,20.0,4.0,ELEMENTARY,0.0
800,2.0,49.0,4.0,ELEMENTARY,0.0
801,1.0,15.0,3.0,ELEMENTARY,0.0
803,2.0,267.0,3.0,HIGHSCHOOL,0.0
808,2.0,62.0,1.0,ELEMENTARY,0.0
811,2.0,10.0,1.0,ELEMENTARY,0.0
814,1.0,951.0,3.0,HIGHSCHOOL,1.0
815,2.0,6.0,3.0,ELEMENTARY,0.0
827,2.0,22.0,3.0,ELEMENTARY,0.0
828,1.0,3.0,4.0,ELEMENTARY,0.0
829,2.0,50.0,4.0,ELEMENTARY,0.0
838,1.0,5.0,1.0,ELEMENTARY,0.0
857,1.0,70.0,3.0,ELEMENTARY,0.0
860,1.0,355.0,1.0,ELEMENTARY,0.0
870,2.0,751.0,4.0,OTHERS,0.0
875,2.0,52.0,3.0,ELEMENTARY,0.0
878,1.0,38.0,2.0,ELEMENTARY,0.0
882,2.0,5.0,1.0,ELEMENTARY,0.0
894,1.0,15.0,2.0,ELEMENTARY,0.0
896,2.0,35.0,1.0,ELEMENTARY,0.0
902,1.0,22.0,3.0,ELEMENTARY,0.0
905,2.0,34.0,1.0,ELEMENTARY,0.0
914,2.0,28.0,1.0,ELEMENTARY,0.0
926,1.0,4.0,1.0,ELEMENTARY,0.0
927,1.0,32.0,1.0,ELEMENTARY,0.0
929,1.0,44.0,1.0,ELEMENTARY,0.0
932,1.0,1068.0,3.0,HIGHSCHOOL,1.0
933,1.0,37.0,1.0,ELEMENTARY,0.0
937,1.0,16.0,1.0,ELEMENTARY,0.0
942,1.0,4.0,3.0,ELEMENTARY,0.0
953,2.0,46.0,4.0,ELEMENTARY,0.0
960,2.0,8.0,1.0,ELEMENTARY,0.0
963,1.0,3.0,3.0,ELEMENTARY,0.0
968,2.0,38.0,3.0,ELEMENTARY,0.0
969,1.0,3.0,1.0,ELEMENTARY,0.0
973,1.0,32.0,3.0,ELEMENTARY,0.0
974,1.0,3.0,4.0,ELEMENTARY,0.0
978,1.0,14.0,5.0,ELEMENTARY,0.0
979,2.0,23.0,4.0,ELEMENTARY,0.0
989,1.0,20.0,1.0,ELEMENTARY,0.0
992,1.0,15.0,4.0,ELEMENTARY,0.0
994,1.0,13.0,3.0,ELEMENTARY,0.0
998,1.0,9.0,4.0,ELEMENTARY,0.0
999,2.0,1.0,1.0,ELEMENTARY,0.0
1001,2.0,11.0,1.0,ELEMENTARY,0.0
1012,2.0,22.0,4.0,ELEMENTARY,0.0
1017,1.0,5.0,1.0,ELEMENTARY,0.0
1020,2.0,71.0,3.0,ELEMENTARY,0.0
1029,2.0,1068.0,3.0,HIGHSCHOOL,1.0
1030,2.0,13.0,1.0,ELEMENTARY,0.0
1032,2.0,49.0,4.0,ELEMENTARY,0.0
1033,1.0,5.0,3.0,ELEMENTARY,0.0
1039,2.0,236.0,4.0,HIGHSCHOOL,0.0
1042,2.0,355.0,1.0,OTHERS,0.0
1043,1.0,24.0,3.0,ELEMENTARY,0.0
1044,2.0,58.0,3.0,ELEMENTARY,0.0
1047,1.0,22.0,2.0,ELEMENTARY,0.0
1057,2.0,47.0,3.0,ELEMENTARY,0.0
1060,2.0,24.0,1.0,ELEMENTARY,0.0
1062,1.0,312.0,3.0,OTHERS,0.0
1065,2.0,11.0,1.0,ELEMENTARY,0.0
1067,1.0,844.0,5.0,OTHERS,1.0
1080,1.0,545.0,4.0,ELEMENTARY,0.0
1082,2.0,3.0,1.0,ELEMENTARY,0.0
1088,2.0,29.0,5.0,ELEMENTARY,0.0
1095,1.0,5.397605346934028e-79,4.0,ELEMENTARY,0.0
1097,2.0,1068.0,3.0,ELEMENTARY,1.0
1100,1.0,60.0,3.0,ELEMENTARY,0.0
1104,1.0,206.0,3.0,ELEMENTARY,0.0
1105,1.0,43.0,1.0,ELEMENTARY,0.0
1106,2.0,55.0,3.0,ELEMENTARY,0.0
1108,2.0,47.0,4.0,ELEMENTARY,0.0
1110,1.0,30.0,3.0,ELEMENTARY,0.0
1120,2.0,15.0,1.0,ELEMENTARY,0.0
1125,1.0,22.0,3.0,ELEMENTARY,0.0
1126,1.0,29.0,3.0,ELEMENTARY,0.0
1131,2.0,1.0,1.0,ELEMENTARY,0.0
1133,1.0,12.0,3.0,ELEMENTARY,0.0
1136,1.0,23.0,4.0,ELEMENTARY,0.0
1137,1.0,1.0,3.0,ELEMENTARY,0.0
1147,2.0,8.0,4.0,ELEMENTARY,0.0
1150,1.0,65.0,1.0,ELEMENTARY,0.0
1155,2.0,3.0,4.0,ELEMENTARY,0.0
1162,2.0,54.0,5.0,ELEMENTARY,0.0
1170,1.0,333.0,5.0,OTHERS,0.0
1172,2.0,20.0,1.0,ELEMENTARY,0.0
1180,1.0,20.0,3.0,ELEMENTARY,0.0
1181,2.0,128.0,4.0,ELEMENTARY,0.0
1195,1.0,11.0,1.0,ELEMENTARY,0.0
1196,2.0,57.0,2.0,ELEMENTARY,0.0
1200,1.0,887.0,3.0,OTHERS,1.0
1205,1.0,61.0,1.0,ELEMENTARY,0.0
1208,2.0,592.0,2.0,OTHERS,0.0
1209,1.0,8.0,3.0,ELEMENTARY,0.0
1213,1.0,47.0,3.0,ELEMENTARY,0.0
1214,2.0,11.0,1.0,ELEMENTARY,0.0
1220,2.0,21.0,4.0,ELEMENTARY,0.0
1221,2.0,5.397605346934028e-79,1.0,ELEMENTARY,0.0
1224,1.0,12.0,3.0,ELEMENTARY,0.0
1226,1.0,66.0,1.0,ELEMENTARY,0.0
1238,1.0,26.0,2.0,ELEMENTARY,0.0
1239,2.0,35.0,1.0,ELEMENTARY,0.0
1244,1.0,1.0,3.0,ELEMENTARY,0.0
1245,1.0,237.0,3.0,ELEMENTARY,0.0
1247,1.0,5.397605346934028e-79,1.0,ELEMENTARY,0.0
1249,2.0,54.0,1.0,ELEMENTARY,0.0
1252,1.0,145.0,4.0,ELEMENTARY,0.0
1260,2.0,1.0,3.0,ELEMENTARY,0.0
1270,2.0,61.0,1.0,ELEMENTARY,0.0
1271,2.0,17.0,4.0,ELEMENTARY,0.0
1275,1.0,35.0,4.0,ELEMENTARY,0.0
1283,1.0,4.0,1.0,ELEMENTARY,0.0
1285,1.0,6.0,1.0,ELEMENTARY,0.0
1286,2.0,18.0,1.0,ELEMENTARY,0.0
1288,1.0,54.0,3.0,ELEMENTARY,0.0
1291,2.0,47.0,3.0,ELEMENTARY,0.0
1294,2.0,62.0,3.0,ELEMENTARY,0.0
1295,2.0,11.0,4.0,ELEMENTARY,0.0
1298,2.0,50.0,4.0,ELEMENTARY,0.0
1299,1.0,13.0,3.0,ELEMENTARY,0.0
1305,1.0,12.0,1.0,ELEMENTARY,0.0
1308,1.0,50.0,3.0,ELEMENTARY,0.0
1319,2.0,18.0,1.0,ELEMENTARY,0.0
1322,2.0,2.0,1.0,ELEMENTARY,0.0
1323,1.0,9.0,1.0,ELEMENTARY,0.0
1324,2.0,46.0,2.0,ELEMENTARY,0.0
1330,2.0,51.0,4.0,ELEMENTARY,0.0
1336,1.0,675.0,4.0,HIGHSCHOOL,0.0
1339,2.0,28.0,1.0,ELEMENTARY,0.0
1341,2.0,65.0,4.0,ELEMENTARY,0.0
1343,2.0,488.0,2.0,ELEMENTARY,0.0
1344,2.0,71.0,5.0,ELEMENTARY,0.0
1346,1.0,13.0,4.0,ELEMENTARY,0.0
1355,1.0,123.0,5.0,ELEMENTARY,0.0
1359,1.0,4.0,1.0,ELEMENTARY,0.0
1360,1.0,64.0,3.0,ELEMENTARY,0.0
1365,2.0,2.0,5.0,ELEMENTARY,0.0
1369,2.0,10.0,1.0,ELEMENTARY,0.0
1380,2.0,279.0,3.0,HIGHSCHOOL,0.0
1383,1.0,54.0,4.0,ELEMENTARY,0.0
1385,1.0,1.0,2.0,ELEMENTARY,0.0
1398,2.0,8.0,1.0,ELEMENTARY,0.0
1406,2.0,4.0,1.0,ELEMENTARY,0.0
1408,2.0,51.0,4.0,ELEMENTARY,0.0
1409,2.0,56.0,1.0,ELEMENTARY,0.0
1415,1.0,71.0,4.0,ELEMENTARY,0.0
1418,1.0,9.0,3.0,ELEMENTARY,0.0
1419,2.0,182.0,2.0,ELEMENTARY,0.0
1420,1.0,6.0,1.0,ELEMENTARY,0.0
1427,2.0,59.0,1.0,ELEMENTARY,0.0
1430,1.0,3.0,3.0,ELEMENTARY,0.0
1434,1.0,56.0,1.0,ELEMENTARY,0.0
1435,1.0,31.0,1.0,ELEMENTARY,0.0
1436,1.0,51.0,2.0,ELEMENTARY,0.0
1441,2.0,48.0,3.0,ELEMENTARY,0.0
1442,1.0,26.0,2.0,ELEMENTARY,0.0
1444,1.0,5.397605346934028e-79,4.0,ELEMENTARY,0.0
1452,2.0,21.0,3.0,ELEMENTARY,0.0
1455,2.0,405.0,1.0,HIGHSCHOOL,0.0
1457,2.0,7.0,3.0,ELEMENTARY,0.0
1460,1.0,10.0,1.0,ELEMENTARY,0.0
1463,1.0,33.0,3.0,ELEMENTARY,0.0
1466,1.0,34.0,1.0,ELEMENTARY,0.0
1468,1.0,64.0,3.0,ELEMENTARY,0.0
1480,1.0,71.0,1.0,ELEMENTARY,0.0
1481,1.0,2.0,3.0,ELEMENTARY,0.0
1484,2.0,400.0,4.0,ELEMENTARY,0.0
1485,1.0,44.0,3.0,ELEMENTARY,0.0
1490,2.0,25.0,1.0,ELEMENTARY,0.0
1501,2.0,25.0,1.0,ELEMENTARY,0.0
1506,1.0,1.0,3.0,ELEMENTARY,0.0
1510,2.0,63.0,1.0,ELEMENTARY,0.0
1531,1.0,3.0,1.0,ELEMENTARY,0.0
1532,2.0,57.0,3.0,ELEMENTARY,0.0
1537,1.0,25.0,5.0,ELEMENTARY,0.0
1540,1.0,16.0,4.0,ELEMENTARY,0.0
1542,2.0,15.0,2.0,ELEMENTARY,0.0
1551,1.0,66.0,3.0,ELEMENTARY,0.0
1552,2.0,64.0,4.0,ELEMENTARY,0.0
1555,1.0,15.0,1.0,ELEMENTARY,0.0
1567,2.0,1068.0,3.0,HIGHSCHOOL,1.0
1572,1.0,66.0,4.0,ELEMENTARY,0.0
1574,1.0,20.0,3.0,ELEMENTARY,0.0
1575,2.0,6.0,1.0,ELEMENTARY,0.0
1578,2.0,16.0,3.0,ELEMENTARY,0.0
1580,2.0,34.0,4.0,ELEMENTARY,0.0
1596,1.0,130.0,4.0,ELEMENTARY,0.0
1601,2.0,8.0,1.0,ELEMENTARY,0.0
1609,2.0,31.0,1.0,ELEMENTARY,0.0
1613,2.0,16.0,1.0,ELEMENTARY,0.0
1625,1.0,43.0,3.0,ELEMENTARY,0.0
1627,1.0,67.0,4.0,ELEMENTARY,0.0
1630,2.0,336.0,3.0,COLLEGE,0.0
1637,1.0,46.0,4.0,ELEMENTARY,0.0
1639,1.0,59.0,1.0,ELEMENTARY,0.0
1645,2.0,47.0,1.0,ELEMENTARY,0.0
1647,1.0,33.0,3.0,ELEMENTARY,0.0
1653,1.0,10.0,3.0,ELEMENTARY,0.0
1655,1.0,5.397605346934028e-79,1.0,ELEMENTARY,0.0
1657,2.0,1010.0,3.0,ELEMENTARY,1.0
1665,2.0,748.0,1.0,ELEMENTARY,0.0
1666,1.0,31.0,1.0,ELEMENTARY,0.0
1668,2.0,292.0,4.0,HIGHSCHOOL,0.0
1671,2.0,19.0,1.0,ELEMENTARY,0.0
1678,2.0,57.0,1.0,ELEMENTARY,0.0
1684,2.0,31.0,1.0,ELEMENTARY,0.0
1689,1.0,10.0,4.0,ELEMENTARY,0.0
1691,1.0,33.0,4.0,ELEMENTARY,0.0
1701,1.0,1.0,3.0,ELEMENTARY,0.0
1707,1.0,6.0,1.0,ELEMENTARY,0.0
1716,1.0,8.0,3.0,ELEMENTARY,0.0
1717,1.0,57.0,1.0,ELEMENTARY,0.0
1719,2.0,6.0,3.0,ELEMENTARY,0.0
1724,1.0,60.0,3.0,ELEMENTARY,0.0
1725,2.0,6.0,5.0,ELEMENTARY,0.0
1726,2.0,7.0,5.0,ELEMENTARY,0.0
1729,2.0,427.0,3.0,HIGHSCHOOL,0.0
1733,2.0,13.0,3.0,ELEMENTARY,0.0
1734,1.0,71.0,4.0,ELEMENTARY,0.0
1735,2.0,11.0,3.0,ELEMENTARY,0.0
1736,1.0,29.0,4.0,ELEMENTARY,0.0
1737,1.0,66.0,4.0,ELEMENTARY,0.0
1745,1.0,9.0,5.0,ELEMENTARY,0.0
1756,1.0,224.0,1.0,ELEMENTARY,0.0
1759,1.0,38.0,1.0,ELEMENTARY,0.0
1769,1.0,28.0,4.0,ELEMENTARY,0.0
1771,1.0,24.0,1.0,ELEMENTARY,0.0
1780,1.0,1.0,1.0,ELEMENTARY,0.0
1785,2.0,16.0,1.0,ELEMENTARY,0.0
1806,2.0,65.0,1.0,ELEMENTARY,0.0
1809,1.0,48.0,4.0,ELEMENTARY,0.0
1815,1.0,27.0,1.0,ELEMENTARY,0.0
1822,1.0,28.0,4.0,ELEMENTARY,0.0
1824,1.0,1.0,5.0,ELEMENTARY,0.0
1826,1.0,223.0,1.0,ELEMENTARY,0.0
1830,1.0,1.0,1.0,ELEMENTARY,0.0
1834,2.0,10.0,1.0,ELEMENTARY,0.0
1840,2.0,33.0,4.0,ELEMENTARY,0.0
1841,2.0,3.0,3.0,ELEMENTARY,0.0
1843,1.0,7.0,5.0,ELEMENTARY,0.0
1847,1.0,31.0,1.0,ELEMENTARY,0.0
1863,2.0,24.0,4.0,ELEMENTARY,0.0
1868,2.0,55.0,1.0,ELEMENTARY,0.0
1877,2.0,702.0,3.0,HIGHSCHOOL,0.0
1882,2.0,28.0,4.0,ELEMENTARY,0.0
1883,1.0,301.0,1.0,ELEMENTARY,0.0
1885,1.0,693.0,3.0,COLLEGE,0.0
1889,2.0,216.0,3.0,ELEMENTARY,0.0
1891,1.0,25.0,1.0,ELEMENTARY,0.0
1892,2.0,9.0,3.0,ELEMENTARY,0.0
1894,1.0,35.0,3.0,ELEMENTARY,0.0
1898,1.0,5.397605346934028e-79,1.0,ELEMENTARY,0.0
1900,1.0,40.0,4.0,ELEMENTARY,0.0
1905,2.0,21.0,3.0,ELEMENTARY,0.0
1908,1.0,6.0,4.0,ELEMENTARY,0.0
1911,1.0,3.0,1.0,ELEMENTARY,0.0
1918,1.0,5.397605346934028e-79,3.0,ELEMENTARY,0.0
1925,1.0,24.0,3.0,ELEMENTARY,0.0
1927,1.0,37.0,1.0,ELEMENTARY,0.0
1937,1.0,3.0,5.0,ELEMENTARY,0.0
1941,1.0,7.0,3.0,ELEMENTARY,0.0
1947,1.0,4.0,1.0,ELEMENTARY,0.0
1951,2.0,2.0,1.0,ELEMENTARY,0.0
1956,1.0,41.0,5.0,ELEMENTARY,0.0
1960,2.0,41.0,3.0,ELEMENTARY,0.0
1962,1.0,28.0,4.0,ELEMENTARY,0.0
1964,1.0,3.0,4.0,ELEMENTARY,0.0
1971,1.0,3.0,3.0,ELEMENTARY,0.0
1975,2.0,43.0,1.0,ELEMENTARY,0.0
1985,1.0,60.0,4.0,ELEMENTARY,0.0
1991,2.0,32.0,1.0,ELEMENTARY,0.0
1992,2.0,57.0,4.0,ELEMENTARY,0.0
1999,1.0,717.0,3.0,OTHERS,0.0
2002,1.0,18.0,3.0,ELEMENTARY,0.0
2006,2.0,165.0,4.0,ELEMENTARY,0.0
2011,2.0,4.0,3.0,ELEMENTARY,0.0
2015,2.0,19.0,3.0,ELEMENTARY,0.0
2020,1.0,55.0,4.0,ELEMENTARY,0.0
2021,1.0,14.0,1.0,ELEMENTARY,0.0
2022,2.0,6.0,3.0,ELEMENTARY,0.0
2023,1.0,16.0,3.0,ELEMENTARY,0.0
2024,1.0,36.0,2.0,ELEMENTARY,0.0
2028,1.0,69.0,2.0,ELEMENTARY,0.0
2030,1.0,16.0,1.0,ELEMENTARY,0.0
2032,1.0,20.0,1.0,ELEMENTARY,0.0
2037,2.0,45.0,4.0,ELEMENTARY,0.0
2053,1.0,39.0,2.0,ELEMENTARY,0.0
2067,2.0,1.0,1.0,ELEMENTARY,0.0
2072,2.0,7.0,4.0,ELEMENTARY,0.0
2077,1.0,1.0,3.0,ELEMENTARY,0.0
2078,1.0,54.0,4.0,ELEMENTARY,0.0
2083,1.0,61.0,3.0,ELEMENTARY,0.0
2085,1.0,7.0,1.0,ELEMENTARY,0.0
2091,1.0,31.0,3.0,ELEMENTARY,0.0
2107,1.0,62.0,1.0,ELEMENTARY,0.0
2121,2.0,4.0,3.0,ELEMENTARY,0.0
2123,2.0,15.0,1.0,ELEMENTARY,0.0
2125,2.0,9.0,4.0,ELEMENTARY,0.0
2128,2.0,20.0,4.0,ELEMENTARY,0.0
2131,2.0,54.0,1.0,ELEMENTARY,0.0
2137,1.0,245.0,3.0,HIGHSCHOOL,0.0
2140,1.0,24.0,2.0,ELEMENTARY,0.0
2141,2.0,772.0,3.0,OTHERS,0.0
2142,2.0,97.0,4.0,ELEMENTARY,0.0
2146,2.0,462.0,3.0,COLLEGE,0.0
2149,1.0,181.0,1.0,ELEMENTARY,0.0
2161,2.0,31.0,1.0,ELEMENTARY,0.0
2165,1.0,55.0,5.0,ELEMENTARY,0.0
2166,2.0,21.0,1.0,ELEMENTARY,0.0
2170,2.0,7.0,1.0,ELEMENTARY,0.0
2171,1.0,199.0,4.0,ELEMENTARY,0.0
2172,1.0,6.0,3.0,ELEMENTARY,0.0
2174,2.0,7.0,3.0,ELEMENTARY,0.0
2177,1.0,8.0,3.0,ELEMENTARY,0.0
2183,1.0,16.0,1.0,ELEMENTARY,0.0
2186,2.0,44.0,4.0,ELEMENTARY,0.0
2187,2.0,21.0,1.0,ELEMENTARY,0.0
2191,2.0,45.0,3.0,ELEMENTARY,0.0
2195,2.0,9.0,5.0,ELEMENTARY,0.0
2199,1.0,7.0,3.0,ELEMENTARY,0.0
2206,1.0,54.0,1.0,ELEMENTARY,0.0
2207,2.0,176.0,4.0,ELEMENTARY,0.0
2209,1.0,11.0,1.0,ELEMENTARY,0.0
2212,2.0,59.0,3.0,ELEMENTARY,0.0
2213,2.0,30.0,1.0,ELEMENTARY,0.0
2214,1.0,62.0,4.0,ELEMENTARY,0.0
2215,2.0,10.0,4.0,ELEMENTARY,0.0
2216,2.0,2.0,1.0,ELEMENTARY,0.0
2223,1.0,27.0,4.0,ELEMENTARY,0.0
2226,1.0,22.0,3.0,ELEMENTARY,0.0
2227,1.0,11.0,1.0,ELEMENTARY,0.0
2242,1.0,15.0,1.0,ELEMENTARY,0.0
2246,2.0,1.0,3.0,ELEMENTARY,0.0
2251,1.0,37.0,3.0,ELEMENTARY,0.0
2255,1.0,62.0,4.0,ELEMENTARY,0.0
2261,2.0,2.0,4.0,ELEMENTARY,0.0
2271,1.0,3.0,1.0,ELEMENTARY,0.0
2274,1.0,281.0,3.0,OTHERS,0.0
2278,1.0,43.0,1.0,ELEMENTARY,0.0
2280,2.0,58.0,1.0,ELEMENTARY,0.0
2281,1.0,57.0,4.0,ELEMENTARY,0.0
2290,2.0,39.0,5.0,ELEMENTARY,0.0
2294,1.0,64.0,1.0,ELEMENTARY,0.0
2295,2.0,47.0,4.0,ELEMENTARY,0.0
2300,2.0,15.0,1.0,ELEMENTARY,0.0
2304,2.0,29.0,3.0,ELEMENTARY,0.0
2306,1.0,56.0,1.0,ELEMENTARY,0.0
2313,2.0,51.0,1.0,ELEMENTARY,0.0
2329,2.0,38.0,1.0,ELEMENTARY,0.0
2332,1.0,6.0,5.0,ELEMENTARY,0.0
2333,1.0,54.0,4.0,ELEMENTARY,0.0
2335,1.0,211.0,5.0,ELEMENTARY,0.0
2336,1.0,63.0,3.0,ELEMENTARY,0.0
2345,1.0,42.0,3.0,ELEMENTARY,0.0
2346,2.0,471.0,3.0,HIGHSCHOOL,0.0
2353,2.0,10.0,1.0,ELEMENTARY,0.0
2354,2.0,6.0,1.0,ELEMENTARY,0.0
2355,1.0,15.0,4.0,ELEMENTARY,0.0
2359,1.0,2.0,5.0,ELEMENTARY,0.0
2366,1.0,5.0,1.0,ELEMENTARY,0.0
2368,1.0,20.0,2.0,ELEMENTARY,0.0
2371,1.0,16.0,1.0,ELEMENTARY,0.0
2372,1.0,56.0,4.0,ELEMENTARY,0.0
2384,2.0,9.0,1.0,ELEMENTARY,0.0
2386,1.0,24.0,1.0,ELEMENTARY,0.0
2388,1.0,731.0,1.0,ELEMENTARY,0.0
2394,2.0,5.397605346934028e-79,3.0,ELEMENTARY,0.0
2395,1.0,70.0,1.0,ELEMENTARY,0.0
2410,1.0,52.0,3.0,ELEMENTARY,0.0
2420,1.0,294.0,1.0,HIGHSCHOOL,0.0
2428,2.0,46.0,1.0,ELEMENTARY,0.0
2437,2.0,1068.0,3.0,OTHERS,1.0
2444,1.0,1.0,1.0,ELEMENTARY,0.0
2445,1.0,42.0,1.0,ELEMENTARY,0.0
2453,2.0,44.0,3.0,ELEMENTARY,0.0
2459,2.0,53.0,2.0,ELEMENTARY,0.0
2466,2.0,60.0,1.0,ELEMENTARY,0.0
2471,1.0,291.0,3.0,COLLEGE,0.0
2472,1.0,58.0,3.0,ELEMENTARY,0.0
2474,2.0,34.0,1.0,ELEMENTARY,0.0
2475,1.0,487.0,2.0,OTHERS,0.0
2476,1.0,31.0,3.0,ELEMENTARY,0.0
2486,2.0,24.0,3.0,ELEMENTARY,0.0
2495,2.0,60.0,3.0,ELEMENTARY,0.0
2496,2.0,16.0,4.0,ELEMENTARY,0.0
2499,2.0,9.0,3.0,ELEMENTARY,0.0
2501,1.0,36.0,3.0,ELEMENTARY,0.0
2509,1.0,32.0,1.0,ELEMENTARY,0.0
2511,1.0,17.0,3.0,ELEMENTARY,0.0
2523,2.0,9.0,1.0,ELEMENTARY,0.0
2524,1.0,53.0,1.0,ELEMENTARY,0.0
2527,2.0,51.0,1.0,ELEMENTARY,0.0
2528,2.0,452.0,3.0,COLLEGE,0.0
2537,1.0,16.0,1.0,ELEMENTARY,0.0
2544,1.0,44.0,4.0,ELEMENTARY,0.0
2545,2.0,39.0,3.0,ELEMENTARY,0.0
2551,1.0,244.0,1.0,OTHERS,0.0
2556,1.0,593.0,1.0,ELEMENTARY,0.0
2558,2.0,33.0,1.0,ELEMENTARY,0.0
2559,2.0,34.0,5.0,ELEMENTARY,0.0
2562,1.0,31.0,3.0,ELEMENTARY,0.0
2565,1.0,26.0,1.0,ELEMENTARY,0.0
2570,1.0,60.0,4.0,ELEMENTARY,0.0
2574,2.0,55.0,1.0,ELEMENTARY,0.0
2576,2.0,43.0,5.0,ELEMENTARY,0.0
2577,1.0,128.0,3.0,ELEMENTARY,0.0
2578,2.0,57.0,1.0,ELEMENTARY,0.0
2579,1.0,34.0,3.0,ELEMENTARY,0.0
2580,1.0,22.0,1.0,ELEMENTARY,0.0
2583,2.0,27.0,4.0,ELEMENTARY,0.0
2587,1.0,973.0,1.0,ELEMENTARY,1.0
2589,1.0,311.0,2.0,ELEMENTARY,0.0
2590,2.0,28.0,1.0,ELEMENTARY,0.0
2596,1.0,16.0,3.0,ELEMENTARY,0.0
2597,1.0,245.0,1.0,HIGHSCHOOL,0.0
2622,1.0,27.0,3.0,ELEMENTARY,0.0
2625,2.0,31.0,1.0,ELEMENTARY,0.0
2631,1.0,17.0,4.0,ELEMENTARY,0.0
2632,2.0,58.0,3.0,ELEMENTARY,0.0
2633,1.0,60.0,1.0,ELEMENTARY,0.0
2636,2.0,5.0,1.0,ELEMENTARY,0.0
2637,2.0,44.0,4.0,ELEMENTARY,0.0
2642,1.0,812.0,3.0,HIGHSCHOOL,1.0
2645,1.0,19.0,1.0,ELEMENTARY,0.0
2649,2.0,52.0,4.0,ELEMENTARY,0.0
2658,1.0,55.0,3.0,ELEMENTARY,0.0
2664,1.0,68.0,5.0,ELEMENTARY,0.0
2667,1.0,7.0,1.0,ELEMENTARY,0.0
2677,2.0,6.0,1.0,ELEMENTARY,0.0
2680,2.0,6.0,1.0,ELEMENTARY,0.0
2684,1.0,203.0,1.0,ELEMENTARY,0.0
2693,1.0,44.0,3.0,ELEMENTARY,0.0
2695,1.0,622.0,3.0,OTHERS,0.0
2699,2.0,13.0,4.0,ELEMENTARY,0.0
2702,1.0,6.0,3.0,ELEMENTARY,0.0
2705,1.0,926.0,3.0,OTHERS,1.0
2710,2.0,12.0,2.0,ELEMENTARY,0.0
2716,2.0,6.0,1.0,ELEMENTARY,0.0
2722,2.0,583.0,4.0,OTHERS,0.0
2732,1.0,6.0,1.0,ELEMENTARY,0.0
2735,1.0,36.0,5.0,ELEMENTARY,0.0
2738,1.0,2.0,1.0,ELEMENTARY,0.0
2741,2.0,54.0,2.0,ELEMENTARY,0.0
2742,2.0,25.0,1.0,ELEMENTARY,0.0
2746,2.0,29.0,1.0,ELEMENTARY,0.0
2748,1.0,59.0,4.0,ELEMENTARY,0.0
2751,1.0,1.0,1.0,ELEMENTARY,0.0
2754,1.0,356.0,4.0,ELEMENTARY,0.0
2756,1.0,4.0,1.0,ELEMENTARY,0.0
2760,1.0,9.0,1.0,ELEMENTARY,0.0
2764,1.0,47.0,1.0,ELEMENTARY,0.0
2766,2.0,1.0,2.0,ELEMENTARY,0.0
2769,2.0,15.0,1.0,ELEMENTARY,0.0
2770,1.0,1.0,3.0,ELEMENTARY,0.0
2771,2.0,14.0,4.0,ELEMENTARY,0.0
2776,1.0,55.0,3.0,ELEMENTARY,0.0
2778,1.0,2.0,1.0,ELEMENTARY,0.0
2782,1.0,12.0,1.0,ELEMENTARY,0.0
2796,1.0,603.0,4.0,OTHERS,0.0
2806,2.0,23.0,3.0,ELEMENTARY,0.0
2810,2.0,5.397605346934028e-79,4.0,ELEMENTARY,0.0
2812,1.0,36.0,1.0,ELEMENTARY,0.0
2813,2.0,42.0,1.0,ELEMENTARY,0.0
2816,1.0,240.0,1.0,ELEMENTARY,0.0
2819,1.0,22.0,5.0,ELEMENTARY,0.0
2835,2.0,22.0,2.0,ELEMENTARY,0.0
2837,2.0,8.0,1.0,ELEMENTARY,0.0
2843,1.0,9.0,3.0,ELEMENTARY,0.0
2846,2.0,7.0,1.0,ELEMENTARY,0.0
2853,1.0,177.0,4.0,ELEMENTARY,0.0
2864,1.0,21.0,3.0,ELEMENTARY,0.0
2869,1.0,16.0,1.0,ELEMENTARY,0.0
2870,1.0,17.0,1.0,ELEMENTARY,0.0
2872,2.0,11.0,5.0,ELEMENTARY,0.0
2891,1.0,31.0,1.0,ELEMENTARY,0.0
2892,1.0,1.0,4.0,ELEMENTARY,0.0
2897,1.0,54.0,1.0,ELEMENTARY,0.0
2898,2.0,6.0,5.0,ELEMENTARY,0.0
2906,1.0,57.0,4.0,ELEMENTARY,0.0
2907,1.0,23.0,3.0,ELEMENTARY,0.0
2912,1.0,40.0,4.0,ELEMENTARY,0.0
2921,2.0,25.0,3.0,ELEMENTARY,0.0
2926,2.0,13.0,4.0,ELEMENTARY,0.0
2928,2.0,46.0,4.0,ELEMENTARY,0.0
2945,1.0,58.0,3.0,ELEMENTARY,0.0
2948,1.0,14.0,4.0,ELEMENTARY,0.0
2949,1.0,62.0,1.0,ELEMENTARY,0.0
2950,2.0,4.0,1.0,ELEMENTARY,0.0
2954,1.0,59.0,1.0,ELEMENTARY,0.0
2962,1.0,59.0,3.0,ELEMENTARY,0.0
2977,2.0,65.0,1.0,ELEMENTARY,0.0
2979,2.0,33.0,1.0,ELEMENTARY,0.0
2983,1.0,7.0,1.0,ELEMENTARY,0.0
2985,2.0,122.0,3.0,ELEMENTARY,0.0
2988,2.0,41.0,3.0,ELEMENTARY,0.0
3012,1.0,15.0,1.0,ELEMENTARY,0.0
3022,2.0,9.0,1.0,ELEMENTARY,0.0
3026,2.0,22.0,1.0,ELEMENTARY,0.0
3032,2.0,882.0,3.0,HIGHSCHOOL,1.0
3033,1.0,10.0,1.0,ELEMENTARY,0.0
3050,2.0,65.0,4.0,ELEMENTARY,0.0
3051,1.0,12.0,3.0,ELEMENTARY,0.0
3063,2.0,10.0,5.0,ELEMENTARY,0.0
3065,2.0,35.0,4.0,ELEMENTARY,0.0
3068,1.0,21.0,1.0,ELEMENTARY,0.0
3070,1.0,8.0,1.0,ELEMENTARY,0.0
3072,1.0,35.0,3.0,ELEMENTARY,0.0
3073,2.0,3.0,1.0,ELEMENTARY,0.0
3074,1.0,69.0,1.0,ELEMENTARY,0.0
3083,1.0,731.0,1.0,ELEMENTARY,0.0
3095,1.0,21.0,3.0,ELEMENTARY,0.0
3102,1.0,31.0,3.0,ELEMENTARY,0.0
3105,2.0,29.0,1.0,ELEMENTARY,0.0
3110,1.0,56.0,3.0,ELEMENTARY,0.0
3111,2.0,59.0,4.0,ELEMENTARY,0.0
3115,1.0,11.0,1.0,ELEMENTARY,0.0
3116,2.0,26.0,3.0,ELEMENTARY,0.0
3117,2.0,769.0,1.0,ELEMENTARY,0.0
3119,1.0,55.0,1.0,ELEMENTARY,0.0
3128,2.0,15.0,3.0,ELEMENTARY,0.0
3131,1.0,54.0,1.0,ELEMENTARY,0.0
3133,1.0,11.0,3.0,ELEMENTARY,0.0
3134,1.0,19.0,1.0,ELEMENTARY,0.0
3135,1.0,441.0,4.0,OTHERS,0.0
3137,2.0,13.0,1.0,ELEMENTARY,0.0
3140,1.0,594.0,3.0,COLLEGE,0.0
3144,2.0,26.0,1.0,ELEMENTARY,0.0
3152,2.0,6.0,3.0,ELEMENTARY,0.0
3158,2.0,203.0,1.0,ELEMENTARY,0.0
3170,1.0,313.0,4.0,COLLEGE,0.0
3181,2.0,14.0,4.0,ELEMENTARY,0.0
3188,1.0,63.0,3.0,ELEMENTARY,0.0
3189,2.0,6.0,2.0,ELEMENTARY,0.0
3194,1.0,31.0,3.0,ELEMENTARY,0.0
3195,2.0,8.0,1.0,ELEMENTARY,0.0
3196,1.0,1.0,4.0,ELEMENTARY,0.0
3197,2.0,18.0,1.0,ELEMENTARY,0.0
3203,2.0,7.0,4.0,ELEMENTARY,0.0
3210,1.0,44.0,3.0,ELEMENTARY,0.0
3215,2.0,30.0,1.0,ELEMENTARY,0.0
3222,2.0,46.0,1.0,ELEMENTARY,0.0
3230,2.0,60.0,1.0,ELEMENTARY,0.0
3235,1.0,13.0,5.0,ELEMENTARY,0.0
3242,2.0,767.0,4.0,ELEMENTARY,0.0
3258,2.0,19.0,1.0,ELEMENTARY,0.0
3259,1.0,35.0,3.0,ELEMENTARY,0.0
3265,2.0,3.0,1.0,ELEMENTARY,0.0
3273,2.0,40.0,4.0,ELEMENTARY,0.0
3277,2.0,1.0,1.0,ELEMENTARY,0.0
3286,2.0,176.0,5.0,ELEMENTARY,0.0
3299,1.0,66.0,3.0,ELEMENTARY,0.0
3301,2.0,14.0,3.0,ELEMENTARY,0.0
3302,1.0,39.0,4.0,ELEMENTARY,0.0
3309,1.0,26.0,4.0,ELEMENTARY,0.0
3313,1.0,31.0,5.0,ELEMENTARY,0.0
3314,1.0,60.0,4.0,ELEMENTARY,0.0
3318,1.0,9.0,3.0,ELEMENTARY,0.0
3319,2.0,16.0,1.0,ELEMENTARY,0.0
3320,1.0,25.0,4.0,ELEMENTARY,0.0
3324,2.0,11.0,3.0,ELEMENTARY,0.0
3326,1.0,23.0,3.0,ELEMENTARY,0.0
3333,2.0,16.0,4.0,ELEMENTARY,0.0
3339,2.0,53.0,3.0,ELEMENTARY,0.0
3344,1.0,12.0,3.0,ELEMENTARY,0.0
3349,2.0,69.0,3.0,ELEMENTARY,0.0
3359,2.0,14.0,3.0,ELEMENTARY,0.0
3362,2.0,16.0,3.0,ELEMENTARY,0.0
3365,2.0,40.0,4.0,ELEMENTARY,0.0
3366,2.0,28.0,3.0,ELEMENTARY,0.0
3367,1.0,59.0,1.0,ELEMENTARY,0.0
3368,1.0,40.0,4.0,ELEMENTARY,0.0
3376,1.0,55.0,4.0,ELEMENTARY,0.0
3384,1.0,64.0,1.0,ELEMENTARY,0.0
3394,2.0,70.0,4.0,ELEMENTARY,0.0
3402,2.0,6.0,3.0,ELEMENTARY,0.0
3406,1.0,5.0,4.0,ELEMENTARY,0.0
3410,1.0,28.0,1.0,ELEMENTARY,0.0
3412,2.0,55.0,1.0,ELEMENTARY,0.0
3418,2.0,54.0,4.0,ELEMENTARY,0.0
3422,2.0,36.0,1.0,ELEMENTARY,0.0
3425,2.0,17.0,3.0,ELEMENTARY,0.0
3426,1.0,571.0,2.0,COLLEGE,0.0
3431,1.0,43.0,4.0,ELEMENTARY,0.0
3433,1.0,67.0,4.0,ELEMENTARY,0.0
3440,2.0,19.0,4.0,ELEMENTARY,0.0
3441,2.0,28.0,3.0,ELEMENTARY,0.0
3449,2.0,16.0,3.0,ELEMENTARY,0.0
3453,2.0,5.397605346934028e-79,3.0,ELEMENTARY,0.0
3458,1.0,67.0,4.0,ELEMENTARY,0.0
3460,2.0,12.0,3.0,ELEMENTARY,0.0
3461,2.0,24.0,3.0,ELEMENTARY,0.0
3462,2.0,40.0,3.0,ELEMENTARY,0.0
3471,1.0,2.0,4.0,ELEMENTARY,0.0
3473,1.0,128.0,4.0,ELEMENTARY,0.0
3474,2.0,55.0,4.0,ELEMENTARY,0.0
3483,2.0,24.0,3.0,ELEMENTARY,0.0
3484,2.0,251.0,2.0,HIGHSCHOOL,0.0
3489,2.0,15.0,1.0,ELEMENTARY,0.0
3499,1.0,19.0,4.0,ELEMENTARY,0.0
3502,1.0,29.0,4.0,ELEMENTARY,0.0
3512,1.0,64.0,3.0,ELEMENTARY,0.0
3519,1.0,39.0,3.0,ELEMENTARY,0.0
3524,2.0,5.397605346934028e-79,1.0,ELEMENTARY,0.0
3527,2.0,54.0,1.0,ELEMENTARY,0.0
3528,2.0,4.0,2.0,ELEMENTARY,0.0
3530,2.0,54.0,1.0,ELEMENTARY,0.0
3531,2.0,22.0,1.0,ELEMENTARY,0.0
3532,2.0,145.0,1.0,ELEMENTARY,0.0
3533,1.0,10.0,4.0,ELEMENTARY,0.0
3537,1.0,962.0,3.0,ELEMENTARY,1.0
3539,2.0,10.0,1.0,ELEMENTARY,0.0
3541,1.0,37.0,1.0,ELEMENTARY,0.0
3543,1.0,47.0,2.0,ELEMENTARY,0.0
3549,1.0,57.0,2.0,ELEMENTARY,0.0
3551,2.0,61.0,3.0,ELEMENTARY,0.0
3552,2.0,45.0,1.0,ELEMENTARY,0.0
3553,2.0,57.0,1.0,ELEMENTARY,0.0
3555,1.0,31.0,4.0,ELEMENTARY,0.0
3559,2.0,204.0,3.0,ELEMENTARY,0.0
3561,1.0,59.0,4.0,ELEMENTARY,0.0
3564,1.0,4.0,1.0,ELEMENTARY,0.0
3566,2.0,5.0,1.0,ELEMENTARY,0.0
3567,2.0,981.0,3.0,HIGHSCHOOL,1.0
3568,1.0,21.0,1.0,ELEMENTARY,0.0
3574,2.0,28.0,2.0,ELEMENTARY,0.0
3575,2.0,10.0,1.0,ELEMENTARY,0.0
3579,2.0,67.0,1.0,ELEMENTARY,0.0
3581,2.0,29.0,4.0,ELEMENTARY,0.0
3582,1.0,960.0,1.0,ELEMENTARY,1.0
3594,2.0,51.0,5.0,ELEMENTARY,0.0
3598,1.0,14.0,1.0,ELEMENTARY,0.0
3605,2.0,4.0,5.0,ELEMENTARY,0.0
3609,2.0,66.0,1.0,ELEMENTARY,0.0
3611,2.0,5.397605346934028e-79,3.0,ELEMENTARY,0.0
3614,1.0,62.0,4.0,ELEMENTARY,0.0
3619,1.0,6.0,1.0,ELEMENTARY,0.0
3622,1.0,26.0,1.0,ELEMENTARY,0.0
3625,2.0,272.0,1.0,ELEMENTARY,0.0
3628,2.0,45.0,5.0,ELEMENTARY,0.0
3631,1.0,44.0,3.0,ELEMENTARY,0.0
3637,2.0,9.0,1.0,ELEMENTARY,0.0
3638,2.0,5.397605346934028e-79,1.0,ELEMENTARY,0.0
3640,1.0,41.0,4.0,ELEMENTARY,0.0
3645,1.0,12.0,1.0,ELEMENTARY,0.0
3664,2.0,60.0,1.0,ELEMENTARY,0.0
3673,1.0,4.0,3.0,ELEMENTARY,0.0
3675,2.0,152.0,3.0,ELEMENTARY,0.0
3677,2.0,5.397605346934028e-79,1.0,ELEMENTARY,0.0
3679,1.0,53.0,4.0,ELEMENTARY,0.0
3682,2.0,2.0,1.0,ELEMENTARY,0.0
3683,2.0,9.0,1.0,ELEMENTARY,0.0
3689,1.0,1009.0,3.0,ELEMENTARY,1.0
3696,2.0,300.0,1.0,ELEMENTARY,0.0
3702,1.0,53.0,5.0,ELEMENTARY,0.0
3709,2.0,84.0,5.0,ELEMENTARY,0.0
3713,2.0,62.0,4.0,ELEMENTARY,0.0
3720,2.0,39.0,3.0,ELEMENTARY,0.0
3725,1.0,15.0,1.0,ELEMENTARY,0.0
3726,2.0,176.0,2.0,ELEMENTARY,0.0
3734,1.0,14.0,4.0,ELEMENTARY,0.0
3745,2.0,55.0,3.0,ELEMENTARY,0.0
3749,1.0,14.0,3.0,ELEMENTARY,0.0
3751,1.0,37.0,3.0,ELEMENTARY,0.0
3756,2.0,150.0,1.0,ELEMENTARY,0.0
3763,2.0,845.0,4.0,ELEMENTARY,0.0
3764,1.0,1.0,1.0,ELEMENTARY,0.0
3767,2.0,64.0,4.0,ELEMENTARY,0.0
3768,2.0,29.0,1.0,ELEMENTARY,0.0
3769,1.0,2.0,1.0,ELEMENTARY,0.0
3771,2.0,64.0,1.0,ELEMENTARY,0.0
3773,1.0,5.0,3.0,ELEMENTARY,0.0
3782,2.0,2.0,1.0,ELEMENTARY,0.0
3789,2.0,24.0,2.0,ELEMENTARY,0.0
3794,2.0,415.0,3.0,COLLEGE,0.0
3804,1.0,22.0,2.0,ELEMENTARY,0.0
3805,1.0,11.0,1.0,ELEMENTARY,0.0
3809,2.0,62.0,1.0,ELEMENTARY,0.0
3813,2.0,6.0,1.0,ELEMENTARY,0.0
3815,2.0,33.0,1.0,ELEMENTARY,0.0
3816,2.0,41.0,3.0,ELEMENTARY,0.0
3821,2.0,28.0,1.0,ELEMENTARY,0.0
3830,2.0,13.0,2.0,ELEMENTARY,0.0
3831,2.0,18.0,3.0,ELEMENTARY,0.0
3832,1.0,67.0,4.0,ELEMENTARY,0.0
3836,2.0,7.0,2.0,ELEMENTARY,0.0
3837,2.0,37.0,2.0,ELEMENTARY,0.0
3841,2.0,2.0,5.0,ELEMENTARY,0.0
3842,2.0,25.0,1.0,ELEMENTARY,0.0
3851,2.0,21.0,4.0,ELEMENTARY,0.0
3873,1.0,45.0,4.0,ELEMENTARY,0.0
3884,1.0,61.0,1.0,ELEMENTARY,0.0
3887,1.0,11.0,3.0,ELEMENTARY,0.0
3889,1.0,6.0,2.0,ELEMENTARY,0.0
3893,1.0,13.0,1.0,ELEMENTARY,0.0
3899,1.0,7.0,1.0,ELEMENTARY,0.0
3901,2.0,66.0,2.0,ELEMENTARY,0.0
3903,1.0,24.0,4.0,ELEMENTARY,0.0
3904,2.0,561.0,3.0,OTHERS,0.0
3905,2.0,886.0,3.0,OTHERS,1.0
3910,1.0,15.0,1.0,ELEMENTARY,0.0
3912,1.0,51.0,1.0,ELEMENTARY,0.0
3916,2.0,23.0,3.0,ELEMENTARY,0.0
3917,2.0,6.0,1.0,ELEMENTARY,0.0
3927,1.0,5.0,3.0,ELEMENTARY,0.0
3932,1.0,9.0,4.0,ELEMENTARY,0.0
3933,1.0,27.0,1.0,ELEMENTARY,0.0
3937,1.0,31.0,3.0,ELEMENTARY,0.0
3939,1.0,802.0,3.0,ELEMENTARY,0.0
3941,2.0,58.0,1.0,ELEMENTARY,0.0
3947,1.0,5.397605346934028e-79,1.0,ELEMENTARY,0.0
3958,2.0,384.0,3.0,COLLEGE,0.0
3966,2.0,5.0,3.0,ELEMENTARY,0.0
3969,1.0,138.0,3.0,ELEMENTARY,0.0
3976,1.0,34.0,3.0,ELEMENTARY,0.0
3977,2.0,1.0,1.0,ELEMENTARY,0.0
3978,2.0,132.0,1.0,ELEMENTARY,0.0
3979,1.0,37.0,2.0,ELEMENTARY,0.0
3991,2.0,68.0,2.0,ELEMENTARY,0.0
3997,2.0,311.0,1.0,ELEMENTARY,0.0
4002,2.0,15.0,1.0,ELEMENTARY,0.0
4013,2.0,21.0,4.0,ELEMENTARY,0.0
4014,2.0,52.0,2.0,ELEMENTARY,0.0
4018,1.0,52.0,1.0,ELEMENTARY,0.0
4023,1.0,334.0,3.0,OTHERS,0.0
4029,2.0,1068.0,4.0,ELEMENTARY,1.0
4031,2.0,23.0,4.0,ELEMENTARY,0.0
4037,2.0,33.0,1.0,ELEMENTARY,0.0
4043,1.0,38.0,1.0,ELEMENTARY,0.0
4049,2.0,63.0,2.0,ELEMENTARY,0.0
4052,2.0,30.0,1.0,ELEMENTARY,0.0
4055,1.0,33.0,3.0,ELEMENTARY,0.0
4065,1.0,11.0,3.0,ELEMENTARY,0.0
4066,1.0,7.0,5.0,ELEMENTARY,0.0
4067,1.0,35.0,4.0,ELEMENTARY,0.0
4092,2.0,369.0,4.0,COLLEGE,0.0
4093,1.0,497.0,3.0,COLLEGE,0.0
4096,1.0,11.0,3.0,ELEMENTARY,0.0
4102,1.0,23.0,2.0,ELEMENTARY,0.0
4103,2.0,10.0,4.0,ELEMENTARY,0.0
4104,2.0,16.0,3.0,ELEMENTARY,0.0
4107,2.0,968.0,3.0,OTHERS,1.0
4115,1.0,52.0,4.0,ELEMENTARY,0.0
4117,2.0,234.0,1.0,HIGHSCHOOL,0.0
4119,1.0,5.397605346934028e-79,3.0,ELEMENTARY,0.0
4123,1.0,27.0,1.0,ELEMENTARY,0.0
4124,1.0,90.0,4.0,ELEMENTARY,0.0
4132,1.0,29.0,1.0,ELEMENTARY,0.0
4137,1.0,15.0,3.0,ELEMENTARY,0.0
4140,2.0,56.0,4.0,ELEMENTARY,0.0
4145,2.0,28.0,3.0,ELEMENTARY,0.0
4148,1.0,44.0,3.0,ELEMENTARY,0.0
4149,2.0,18.0,3.0,ELEMENTARY,0.0
4152,1.0,9.0,1.0,ELEMENTARY,0.0
4162,2.0,12.0,1.0,ELEMENTARY,0.0
4166,1.0,189.0,2.0,ELEMENTARY,0.0
4167,2.0,66.0,4.0,ELEMENTARY,0.0
4196,2.0,26.0,3.0,ELEMENTARY,0.0
4205,1.0,31.0,4.0,ELEMENTARY,0.0
4206,2.0,67.0,4.0,ELEMENTARY,0.0
4211,1.0,32.0,3.0,ELEMENTARY,0.0
4219,1.0,71.0,3.0,ELEMENTARY,0.0
4220,2.0,9.0,1.0,ELEMENTARY,0.0
4229,1.0,32.0,3.0,ELEMENTARY,0.0
4231,2.0,70.0,3.0,ELEMENTARY,0.0
4232,2.0,8.0,1.0,ELEMENTARY,0.0
4233,1.0,37.0,5.0,ELEMENTARY,0.0
4234,1.0,4.0,5.0,ELEMENTARY,0.0
4236,2.0,34.0,3.0,ELEMENTARY,0.0
4238,1.0,18.0,1.0,ELEMENTARY,0.0
4239,2.0,56.0,3.0,ELEMENTARY,0.0
4243,2.0,63.0,1.0,ELEMENTARY,0.0
4246,2.0,57.0,3.0,ELEMENTARY,0.0
4252,1.0,8.0,1.0,ELEMENTARY,0.0
4260,2.0,64.0,4.0,ELEMENTARY,0.0
4261,1.0,38.0,1.0,ELEMENTARY,0.0
4263,2.0,252.0,3.0,ELEMENTARY,0.0
4271,1.0,30.0,4.0,ELEMENTARY,0.0
4273,1.0,15.0,4.0,ELEMENTARY,0.0
4274,2.0,15.0,1.0,ELEMENTARY,0.0
4279,2.0,77.0,2.0,ELEMENTARY,0.0
4288,2.0,23.0,3.0,ELEMENTARY,0.0
4295,2.0,31.0,2.0,ELEMENTARY,0.0
4299,1.0,49.0,4.0,ELEMENTARY,0.0
4306,1.0,12.0,4.0,ELEMENTARY,0.0
4313,2.0,48.0,3.0,ELEMENTARY,0.0
4320,1.0,38.0,1.0,ELEMENTARY,0.0
4322,2.0,60.0,4.0,ELEMENTARY,0.0
4325,2.0,69.0,1.0,ELEMENTARY,0.0
4332,2.0,62.0,1.0,ELEMENTARY,0.0
4334,2.0,15.0,5.0,ELEMENTARY,0.0
4340,1.0,61.0,3.0,ELEMENTARY,0.0
4341,1.0,58.0,3.0,ELEMENTARY,0.0
4344,2.0,5.0,1.0,ELEMENTARY,0.0
4345,2.0,9.0,1.0,ELEMENTARY,0.0
4351,1.0,19.0,4.0,ELEMENTARY,0.0
4352,1.0,5.397605346934028e-79,1.0,ELEMENTARY,0.0
4353,2.0,29.0,3.0,ELEMENTARY,0.0
4354,2.0,51.0,1.0,ELEMENTARY,0.0
4357,2.0,6.0,1.0,ELEMENTARY,0.0
4372,1.0,48.0,4.0,ELEMENTARY,0.0
4381,2.0,27.0,4.0,ELEMENTARY,0.0
4387,1.0,20.0,4.0,ELEMENTARY,0.0
4389,2.0,24.0,1.0,ELEMENTARY,0.0
4391,2.0,420.0,3.0,COLLEGE,0.0
4392,1.0,46.0,1.0,ELEMENTARY,0.0
4393,1.0,39.0,3.0,ELEMENTARY,0.0
4407,1.0,3.0,1.0,ELEMENTARY,0.0
4411,2.0,10.0,4.0,ELEMENTARY,0.0
4417,1.0,331.0,3.0,COLLEGE,0.0
4434,2.0,737.0,3.0,COLLEGE,1.0
4436,2.0,34.0,3.0,ELEMENTARY,0.0
4447,1.0,38.0,3.0,ELEMENTARY,0.0
4449,2.0,10.0,1.0,ELEMENTARY,0.0
4455,1.0,69.0,1.0,ELEMENTARY,0.0
4458,1.0,71.0,3.0,ELEMENTARY,0.0
4462,1.0,68.0,1.0,ELEMENTARY,0.0
4463,1.0,5.397605346934028e-79,4.0,ELEMENTARY,0.0
4464,1.0,846.0,3.0,HIGHSCHOOL,1.0
4468,1.0,28.0,1.0,ELEMENTARY,0.0
4469,2.0,42.0,5.0,ELEMENTARY,0.0
4470,2.0,57.0,4.0,ELEMENTARY,0.0
4471,1.0,6.0,1.0,ELEMENTARY,0.0
4472,1.0,106.0,4.0,ELEMENTARY,0.0
4473,2.0,29.0,1.0,ELEMENTARY,0.0
4483,2.0,15.0,2.0,ELEMENTARY,0.0
4488,2.0,30.0,5.0,ELEMENTARY,0.0
4495,2.0,4.0,4.0,ELEMENTARY,0.0
4502,1.0,40.0,1.0,ELEMENTARY,0.0
4508,2.0,900.0,3.0,COLLEGE,1.0
4509,2.0,8.0,1.0,ELEMENTARY,0.0
4513,2.0,165.0,1.0,ELEMENTARY,0.0
4520,1.0,38.0,1.0,ELEMENTARY,0.0
4521,1.0,182.0,4.0,ELEMENTARY,0.0
4522,2.0,15.0,3.0,ELEMENTARY,0.0
4539,2.0,55.0,5.0,ELEMENTARY,0.0
4544,1.0,10.0,3.0,ELEMENTARY,0.0
4547,2.0,35.0,5.0,ELEMENTARY,0.0
4550,2.0,203.0,2.0,ELEMENTARY,0.0
4556,2.0,46.0,5.0,ELEMENTARY,0.0
4567,2.0,1068.0,3.0,OTHERS,1.0
4587,1.0,8.0,1.0,ELEMENTARY,0.0
4589,2.0,160.0,1.0,ELEMENTARY,0.0
4594,1.0,29.0,1.0,ELEMENTARY,0.0
4596,2.0,5.0,4.0,ELEMENTARY,0.0
4601,2.0,1068.0,3.0,HIGHSCHOOL,1.0
4605,2.0,23.0,5.0,ELEMENTARY,0.0
4607,1.0,55.0,3.0,ELEMENTARY,0.0
4613,1.0,31.0,4.0,ELEMENTARY,0.0
4626,2.0,12.0,3.0,ELEMENTARY,0.0
4630,1.0,31.0,1.0,ELEMENTARY,0.0
4631,2.0,52.0,2.0,ELEMENTARY,0.0
4632,1.0,52.0,3.0,ELEMENTARY,0.0
4640,2.0,15.0,3.0,ELEMENTARY,0.0
4641,2.0,172.0,4.0,ELEMENTARY,0.0
4642,2.0,163.0,3.0,ELEMENTARY,0.0
4645,2.0,53.0,3.0,ELEMENTARY,0.0
4647,1.0,45.0,4.0,ELEMENTARY,0.0
4660,1.0,2.0,1.0,ELEMENTARY,0.0
4670,1.0,10.0,3.0,ELEMENTARY,0.0
4679,1.0,62.0,1.0,ELEMENTARY,0.0
4687,2.0,52.0,4.0,ELEMENTARY,0.0
4688,2.0,34.0,3.0,ELEMENTARY,0.0
4698,2.0,70.0,3.0,ELEMENTARY,0.0
4701,2.0,134.0,3.0,ELEMENTARY,0.0
4704,1.0,66.0,1.0,ELEMENTARY,0.0
4712,1.0,365.0,4.0,ELEMENTARY,0.0
4713,1.0,13.0,1.0,ELEMENTARY,0.0
4714,1.0,26.0,4.0,ELEMENTARY,0.0
4716,1.0,25.0,3.0,ELEMENTARY,0.0
4717,2.0,41.0,1.0,ELEMENTARY,0.0
4721,1.0,27.0,2.0,ELEMENTARY,0.0
4723,2.0,14.0,1.0,ELEMENTARY,0.0
4727,1.0,301.0,3.0,HIGHSCHOOL,0.0
4733,1.0,22.0,1.0,ELEMENTARY,0.0
4734,2.0,152.0,3.0,ELEMENTARY,0.0
4739,2.0,490.0,1.0,HIGHSCHOOL,0.0
4752,2.0,8.0,1.0,ELEMENTARY,0.0
4765,1.0,13.0,5.0,ELEMENTARY,0.0
4772,2.0,62.0,4.0,ELEMENTARY,0.0
4773,1.0,1.0,1.0,ELEMENTARY,0.0
4774,1.0,11.0,4.0,ELEMENTARY,0.0
4776,2.0,20.0,4.0,ELEMENTARY,0.0
4784,2.0,34.0,1.0,ELEMENTARY,0.0
4787,1.0,37.0,1.0,ELEMENTARY,0.0
4789,1.0,1.0,1.0,ELEMENTARY,0.0
4790,1.0,12.0,4.0,ELEMENTARY,0.0
4794,1.0,12.0,3.0,ELEMENTARY,0.0
4797,1.0,61.0,4.0,ELEMENTARY,0.0
4805,1.0,2.0,1.0,ELEMENTARY,0.0
4807,1.0,60.0,4.0,ELEMENTARY,0.0
4817,1.0,60.0,3.0,ELEMENTARY,0.0
4818,1.0,31.0,1.0,ELEMENTARY,0.0
4823,1.0,12.0,4.0,ELEMENTARY,0.0
4824,1.0,3.0,4.0,ELEMENTARY,0.0
4825,1.0,8.0,1.0,ELEMENTARY,0.0
4827,2.0,12.0,4.0,ELEMENTARY,0.0
4839,1.0,35.0,4.0,ELEMENTARY,0.0
4841,1.0,514.0,3.0,COLLEGE,0.0
4843,2.0,32.0,3.0,ELEMENTARY,0.0
4846,2.0,33.0,3.0,ELEMENTARY,0.0
4857,2.0,63.0,4.0,ELEMENTARY,0.0
4859,1.0,10.0,2.0,ELEMENTARY,0.0
4861,1.0,524.0,1.0,HIGHSCHOOL,0.0
4866,1.0,26.0,3.0,ELEMENTARY,0.0
4867,2.0,67.0,3.0,ELEMENTARY,0.0
4868,1.0,53.0,5.0,ELEMENTARY,0.0
4869,1.0,6.0,1.0,ELEMENTARY,0.0
4870,1.0,217.0,1.0,HIGHSCHOOL,0.0
4871,2.0,59.0,1.0,ELEMENTARY,0.0
4873,1.0,14.0,1.0,ELEMENTARY,0.0
4883,2.0,5.0,1.0,ELEMENTARY,0.0
4895,1.0,35.0,5.0,ELEMENTARY,0.0
4906,2.0,242.0,3.0,HIGHSCHOOL,0.0
4907,1.0,4.0,1.0,ELEMENTARY,0.0
4910,2.0,9.0,5.0,ELEMENTARY,0.0
4912,2.0,33.0,1.0,ELEMENTARY,0.0
4914,1.0,42.0,3.0,ELEMENTARY,0.0
4916,1.0,154.0,4.0,ELEMENTARY,0.0
4922,2.0,57.0,1.0,ELEMENTARY,0.0
4924,2.0,27.0,1.0,ELEMENTARY,0.0
4940,1.0,284.0,1.0,ELEMENTARY,0.0
4941,1.0,47.0,3.0,ELEMENTARY,0.0
4945,1.0,47.0,4.0,ELEMENTARY,0.0
4967,2.0,44.0,2.0,ELEMENTARY,0.0
4970,1.0,46.0,4.0,ELEMENTARY,0.0
4980,1.0,18.0,1.0,ELEMENTARY,0.0
4986,2.0,443.0,3.0,HIGHSCHOOL,0.0
4999,1.0,45.0,4.0,ELEMENTARY,0.0
5000,1.0,18.0,5.0,ELEMENTARY,0.0
5003,1.0,18.0,3.0,ELEMENTARY,0.0
5008,2.0,56.0,3.0,ELEMENTARY,0.0
5012,1.0,3.0,1.0,ELEMENTARY,0.0
5014,2.0,28.0,3.0,ELEMENTARY,0.0
5018,1.0,9.0,3.0,ELEMENTARY,0.0
5019,1.0,2.0,1.0,ELEMENTARY,0.0
5024,2.0,1.0,3.0,ELEMENTARY,0.0
5026,2.0,65.0,3.0,ELEMENTARY,0.0
5029,2.0,43.0,5.0,ELEMENTARY,0.0
5030,2.0,44.0,3.0,ELEMENTARY,0.0
5035,2.0,60.0,4.0,ELEMENTARY,0.0
5046,2.0,60.0,1.0,ELEMENTARY,0.0
5053,1.0,34.0,1.0,ELEMENTARY,0.0
5054,2.0,11.0,1.0,ELEMENTARY,0.0
5056,2.0,25.0,1.0,ELEMENTARY,0.0
5062,2.0,224.0,4.0,HIGHSCHOOL,0.0
5071,2.0,54.0,1.0,ELEMENTARY,0.0
5079,1.0,383.0,1.0,ELEMENTARY,0.0
5081,1.0,38.0,4.0,ELEMENTARY,0.0
5083,1.0,21.0,4.0,ELEMENTARY,0.0
5088,1.0,31.0,4.0,ELEMENTARY,0.0
5092,2.0,5.397605346934028e-79,3.0,ELEMENTARY,0.0
5095,1.0,5.397605346934028e-79,1.0,ELEMENTARY,0.0
5099,1.0,769.0,4.0,OTHERS,0.0
5104,2.0,68.0,4.0,ELEMENTARY,0.0
5106,1.0,62.0,1.0,ELEMENTARY,0.0
5109,2.0,5.397605346934028e-79,3.0,ELEMENTARY,0.0
5117,2.0,20.0,3.0,ELEMENTARY,0.0
5129,1.0,195.0,4.0,ELEMENTARY,0.0
5132,1.0,25.0,1.0,ELEMENTARY,0.0
5133,2.0,13.0,3.0,ELEMENTARY,0.0
5134,1.0,53.0,3.0,ELEMENTARY,0.0
5145,2.0,65.0,1.0,ELEMENTARY,0.0
5146,1.0,2.0,1.0,ELEMENTARY,0.0
5147,2.0,32.0,1.0,ELEMENTARY,0.0
5162,1.0,1.0,1.0,ELEMENTARY,0.0
5166,1.0,670.0,1.0,ELEMENTARY,0.0
5173,1.0,30.0,3.0,ELEMENTARY,0.0
5183,2.0,28.0,1.0,ELEMENTARY,0.0
5188,2.0,33.0,1.0,ELEMENTARY,0.0
5190,2.0,9.0,2.0,ELEMENTARY,0.0
5191,1.0,55.0,3.0,ELEMENTARY,0.0
5197,2.0,56.0,1.0,ELEMENTARY,0.0
5200,2.0,1.0,2.0,ELEMENTARY,0.0
5211,1.0,12.0,1.0,ELEMENTARY,0.0
5218,1.0,58.0,3.0,ELEMENTARY,0.0
5228,1.0,19.0,4.0,ELEMENTARY,0.0
5242,2.0,500.0,1.0,OTHERS,0.0
5244,2.0,6.0,5.0,ELEMENTARY,0.0
5245,1.0,67.0,3.0,ELEMENTARY,0.0
5249,1.0,48.0,4.0,ELEMENTARY,0.0
5255,2.0,28.0,4.0,ELEMENTARY,0.0
5256,2.0,51.0,4.0,ELEMENTARY,0.0
5258,2.0,1.0,4.0,ELEMENTARY,0.0
5266,2.0,25.0,4.0,ELEMENTARY,0.0
5268,1.0,59.0,3.0,ELEMENTARY,0.0
5272,1.0,2.0,4.0,ELEMENTARY,0.0
5275,1.0,1.0,3.0,ELEMENTARY,0.0
5283,1.0,15.0,4.0,ELEMENTARY,0.0
5284,1.0,61.0,1.0,ELEMENTARY,0.0
5286,1.0,70.0,1.0,ELEMENTARY,0.0
5290,2.0,61.0,5.0,ELEMENTARY,0.0
5298,2.0,10.0,1.0,ELEMENTARY,0.0
5303,2.0,32.0,1.0,ELEMENTARY,0.0
5304,2.0,12.0,4.0,ELEMENTARY,0.0
5308,1.0,5.397605346934028e-79,2.0,ELEMENTARY,0.0
5318,2.0,19.0,3.0,ELEMENTARY,0.0
5320,1.0,66.0,3.0,ELEMENTARY,0.0
5321,2.0,16.0,1.0,ELEMENTARY,0.0
5322,1.0,217.0,4.0,ELEMENTARY,0.0
5323,1.0,45.0,4.0,ELEMENTARY,0.0
5326,2.0,23.0,4.0,ELEMENTARY,0.0
5328,2.0,58.0,1.0,ELEMENTARY,0.0
5344,2.0,40.0,1.0,ELEMENTARY,0.0
5346,2.0,43.0,4.0,ELEMENTARY,0.0
5349,2.0,70.0,1.0,ELEMENTARY,0.0
5350,2.0,60.0,4.0,ELEMENTARY,0.0
5358,1.0,16.0,5.0,ELEMENTARY,0.0
5361,1.0,12.0,1.0,ELEMENTARY,0.0
5364,1.0,5.0,3.0,ELEMENTARY,0.0
5368,1.0,68.0,3.0,ELEMENTARY,0.0
5374,1.0,31.0,1.0,ELEMENTARY,0.0
5378,2.0,25.0,3.0,ELEMENTARY,0.0
5381,1.0,4.0,4.0,ELEMENTARY,0.0
5383,1.0,14.0,4.0,ELEMENTARY,0.0
5386,2.0,58.0,1.0,ELEMENTARY,0.0
5399,1.0,4.0,4.0,ELEMENTARY,0.0
5414,2.0,40.0,3.0,ELEMENTARY,0.0
5415,2.0,17.0,4.0,ELEMENTARY,0.0
5416,2.0,33.0,1.0,ELEMENTARY,0.0
5420,1.0,52.0,1.0,ELEMENTARY,0.0
5435,2.0,257.0,1.0,HIGHSCHOOL,0.0
5439,1.0,56.0,3.0,ELEMENTARY,0.0
5440,1.0,5.0,2.0,ELEMENTARY,0.0
5446,2.0,20.0,1.0,ELEMENTARY,0.0
5447,2.0,31.0,4.0,ELEMENTARY,0.0
5451,1.0,17.0,3.0,ELEMENTARY,0.0
5461,2.0,19.0,3.0,ELEMENTARY,0.0
5464,2.0,19.0,3.0,ELEMENTARY,0.0
5467,1.0,16.0,3.0,ELEMENTARY,0.0
5472,2.0,11.0,3.0,ELEMENTARY,0.0
5475,2.0,47.0,3.0,ELEMENTARY,0.0
5482,2.0,48.0,3.0,ELEMENTARY,0.0
5483,2.0,52.0,4.0,ELEMENTARY,0.0
5484,1.0,67.0,1.0,ELEMENTARY,0.0
5486,1.0,14.0,1.0,ELEMENTARY,0.0
5489,1.0,67.0,3.0,ELEMENTARY,0.0
5497,1.0,23.0,4.0,ELEMENTARY,0.0
5514,1.0,30.0,1.0,ELEMENTARY,0.0
5516,1.0,5.397605346934028e-79,3.0,ELEMENTARY,0.0
5530,1.0,23.0,4.0,ELEMENTARY,0.0
5531,1.0,46.0,5.0,ELEMENTARY,0.0
5532,1.0,10.0,4.0,ELEMENTARY,0.0
5538,2.0,11.0,3.0,ELEMENTARY,0.0
5540,1.0,373.0,5.0,COLLEGE,0.0
5542,2.0,56.0,3.0,ELEMENTARY,0.0
5550,1.0,17.0,4.0,ELEMENTARY,0.0
5552,1.0,8.0,3.0,ELEMENTARY,0.0
5553,1.0,67.0,4.0,ELEMENTARY,0.0
5555,2.0,23.0,3.0,ELEMENTARY,0.0
5556,2.0,19.0,3.0,ELEMENTARY,0.0
5565,2.0,59.0,1.0,ELEMENTARY,0.0
5566,2.0,5.0,1.0,ELEMENTARY,0.0
5569,1.0,28.0,1.0,ELEMENTARY,0.0
5581,1.0,489.0,3.0,COLLEGE,0.0
5582,1.0,15.0,1.0,ELEMENTARY,0.0
5585,1.0,27.0,3.0,ELEMENTARY,0.0
5588,2.0,41.0,4.0,ELEMENTARY,0.0
5595,1.0,22.0,3.0,ELEMENTARY,0.0
5597,1.0,11.0,2.0,ELEMENTARY,0.0
5607,1.0,1.0,3.0,ELEMENTARY,0.0
5610,1.0,62.0,1.0,ELEMENTARY,0.0
5613,2.0,144.0,2.0,ELEMENTARY,0.0
5617,1.0,56.0,4.0,ELEMENTARY,0.0
5621,2.0,7.0,3.0,ELEMENTARY,0.0
5624,1.0,774.0,1.0,ELEMENTARY,0.0
5630,2.0,1068.0,3.0,HIGHSCHOOL,1.0
5639,2.0,52.0,1.0,ELEMENTARY,0.0
5641,1.0,4.0,3.0,ELEMENTARY,0.0
5642,1.0,8.0,3.0,ELEMENTARY,0.0
5643,2.0,61.0,4.0,ELEMENTARY,0.0
5651,1.0,69.0,3.0,ELEMENTARY,0.0
5653,1.0,11.0,1.0,ELEMENTARY,0.0
5654,1.0,1.0,1.0,ELEMENTARY,0.0
5658,2.0,64.0,2.0,ELEMENTARY,0.0
5662,1.0,69.0,2.0,ELEMENTARY,0.0
5676,2.0,30.0,2.0,ELEMENTARY,0.0
5680,2.0,18.0,3.0,ELEMENTARY,0.0
5693,1.0,26.0,2.0,ELEMENTARY,0.0
5695,2.0,29.0,3.0,ELEMENTARY,0.0
5702,1.0,1.0,3.0,ELEMENTARY,0.0
5706,2.0,28.0,1.0,ELEMENTARY,0.0
5709,1.0,33.0,1.0,ELEMENTARY,0.0
5719,1.0,4.0,1.0,ELEMENTARY,0.0
5721,1.0,36.0,1.0,ELEMENTARY,0.0
5725,1.0,20.0,4.0,ELEMENTARY,0.0
5727,2.0,71.0,1.0,ELEMENTARY,0.0
5729,1.0,3.0,4.0,ELEMENTARY,0.0
5731,1.0,227.0,3.0,ELEMENTARY,0.0
5745,1.0,27.0,3.0,ELEMENTARY,0.0
5757,1.0,40.0,1.0,ELEMENTARY,0.0
5759,2.0,226.0,1.0,HIGHSCHOOL,0.0
5760,2.0,7.0,1.0,ELEMENTARY,0.0
5763,2.0,37.0,4.0,ELEMENTARY,0.0
5768,1.0,3.0,1.0,ELEMENTARY,0.0
5774,1.0,42.0,5.0,ELEMENTARY,0.0
5778,2.0,30.0,3.0,ELEMENTARY,0.0
5779,1.0,61.0,1.0,ELEMENTARY,0.0
5785,1.0,11.0,1.0,ELEMENTARY,0.0
5794,1.0,747.0,3.0,COLLEGE,1.0
5803,2.0,26.0,1.0,ELEMENTARY,0.0
5809,2.0,19.0,1.0,ELEMENTARY,0.0
5811,2.0,3.0,1.0,ELEMENTARY,0.0
5815,2.0,45.0,4.0,ELEMENTARY,0.0
5821,1.0,44.0,3.0,ELEMENTARY,0.0
5822,2.0,256.0,3.0,ELEMENTARY,0.0
5831,2.0,33.0,3.0,ELEMENTARY,0.0
5841,1.0,7.0,1.0,ELEMENTARY,0.0
5845,1.0,51.0,4.0,ELEMENTARY,0.0
5852,1.0,22.0,3.0,ELEMENTARY,0.0
5855,1.0,7.0,3.0,ELEMENTARY,0.0
5856,1.0,65.0,4.0,ELEMENTARY,0.0
5862,2.0,12.0,1.0,ELEMENTARY,0.0
5863,1.0,1.0,1.0,ELEMENTARY,0.0
5870,2.0,7.0,1.0,ELEMENTARY,0.0
5876,1.0,5.397605346934028e-79,3.0,ELEMENTARY,0.0
5877,2.0,5.0,3.0,ELEMENTARY,0.0
5878,1.0,273.0,5.0,OTHERS,0.0
5881,1.0,31.0,1.0,ELEMENTARY,0.0
5882,2.0,19.0,4.0,ELEMENTARY,0.0
5884,2.0,26.0,1.0,ELEMENTARY,0.0
5886,1.0,25.0,4.0,ELEMENTARY,0.0
5888,2.0,6.0,3.0,ELEMENTARY,0.0
5889,1.0,207.0,5.0,ELEMENTARY,0.0
5890,2.0,67.0,4.0,ELEMENTARY,0.0
5897,1.0,6.0,1.0,ELEMENTARY,0.0
5902,2.0,7.0,1.0,ELEMENTARY,0.0
5905,2.0,838.0,5.0,ELEMENTARY,0.0
5915,1.0,36.0,3.0,ELEMENTARY,0.0
5916,2.0,306.0,3.0,OTHERS,0.0
5917,1.0,1.0,4.0,ELEMENTARY,0.0
5931,1.0,60.0,2.0,ELEMENTARY,0.0
5934,2.0,31.0,5.0,ELEMENTARY,0.0
5936,1.0,71.0,4.0,ELEMENTARY,0.0
5937,1.0,172.0,5.0,ELEMENTARY,0.0
5941,1.0,51.0,4.0,ELEMENTARY,0.0
5946,2.0,11.0,4.0,ELEMENTARY,0.0
5949,1.0,3.0,4.0,ELEMENTARY,0.0
5955,2.0,9.0,3.0,ELEMENTARY,0.0
5956,2.0,224.0,4.0,ELEMENTARY,0.0
5963,1.0,407.0,4.0,OTHERS,0.0
5969,1.0,71.0,3.0,ELEMENTARY,0.0
5973,2.0,25.0,5.0,ELEMENTARY,0.0
5974,2.0,126.0,4.0,ELEMENTARY,0.0
5992,2.0,28.0,3.0,ELEMENTARY,0.0
5996,2.0,44.0,5.0,ELEMENTARY,0.0
6014,2.0,23.0,3.0,ELEMENTARY,0.0
6017,1.0,43.0,5.0,ELEMENTARY,0.0
6018,2.0,55.0,1.0,ELEMENTARY,0.0
6026,2.0,67.0,4.0,ELEMENTARY,0.0
6029,1.0,5.397605346934028e-79,3.0,ELEMENTARY,0.0
6031,2.0,46.0,1.0,ELEMENTARY,0.0
6033,2.0,29.0,4.0,ELEMENTARY,0.0
6035,1.0,2.0,3.0,ELEMENTARY,0.0
6042,1.0,11.0,3.0,ELEMENTARY,0.0
6044,2.0,178.0,5.0,ELEMENTARY,0.0
6045,2.0,216.0,4.0,ELEMENTARY,0.0
6048,1.0,9.0,3.0,ELEMENTARY,0.0
6054,2.0,9.0,3.0,ELEMENTARY,0.0
6055,2.0,19.0,4.0,ELEMENTARY,0.0
6056,2.0,57.0,1.0,ELEMENTARY,0.0
6059,1.0,49.0,3.0,ELEMENTARY,0.0
6062,2.0,26.0,4.0,ELEMENTARY,0.0
6064,2.0,455.0,5.0,COLLEGE,0.0
6065,2.0,40.0,1.0,ELEMENTARY,0.0
6068,2.0,57.0,1.0,ELEMENTARY,0.0
6072,1.0,44.0,3.0,ELEMENTARY,0.0
6076,1.0,5.0,4.0,ELEMENTARY,0.0
6078,2.0,668.0,3.0,COLLEGE,0.0
6080,1.0,5.397605346934028e-79,1.0,ELEMENTARY,0.0
6082,1.0,19.0,4.0,ELEMENTARY,0.0
6084,1.0,12.0,1.0,ELEMENTARY,0.0
6087,1.0,17.0,1.0,ELEMENTARY,0.0
6089,2.0,70.0,3.0,ELEMENTARY,0.0
6095,2.0,34.0,4.0,ELEMENTARY,0.0
6105,1.0,22.0,4.0,ELEMENTARY,0.0
6119,1.0,9.0,1.0,ELEMENTARY,0.0
6122,1.0,32.0,3.0,ELEMENTARY,0.0
6139,2.0,232.0,2.0,HIGHSCHOOL,0.0
6146,2.0,20.0,1.0,ELEMENTARY,0.0
6158,1.0,9.0,5.0,ELEMENTARY,0.0
6161,1.0,29.0,3.0,ELEMENTARY,0.0
6164,2.0,35.0,1.0,ELEMENTARY,0.0
6170,1.0,17.0,3.0,ELEMENTARY,0.0
6172,2.0,316.0,4.0,COLLEGE,0.0
6187,1.0,43.0,3.0,ELEMENTARY,0.0
6191,1.0,21.0,1.0,ELEMENTARY,0.0
6193,1.0,22.0,2.0,ELEMENTARY,0.0
6195,1.0,30.0,1.0,ELEMENTARY,0.0
6196,1.0,15.0,3.0,ELEMENTARY,0.0
6204,2.0,210.0,4.0,ELEMENTARY,0.0
6207,1.0,32.0,4.0,ELEMENTARY,0.0
6208,1.0,151.0,4.0,ELEMENTARY,0.0
6216,1.0,50.0,5.0,ELEMENTARY,0.0
6217,2.0,54.0,4.0,ELEMENTARY,0.0
6219,2.0,30.0,5.0,ELEMENTARY,0.0
6222,1.0,3.0,1.0,ELEMENTARY,0.0
6237,1.0,4.0,3.0,ELEMENTARY,0.0
6238,2.0,46.0,1.0,ELEMENTARY,0.0
6249,2.0,52.0,4.0,ELEMENTARY,0.0
6253,1.0,148.0,1.0,ELEMENTARY,0.0
6254,1.0,22.0,1.0,ELEMENTARY,0.0
6263,2.0,9.0,3.0,ELEMENTARY,0.0
6265,1.0,28.0,2.0,ELEMENTARY,0.0
6272,2.0,35.0,4.0,ELEMENTARY,0.0
6274,2.0,2.0,1.0,ELEMENTARY,0.0
6276,1.0,19.0,3.0,ELEMENTARY,0.0
6279,1.0,31.0,4.0,ELEMENTARY,0.0
6281,1.0,6.0,1.0,ELEMENTARY,0.0
6290,1.0,17.0,1.0,ELEMENTARY,0.0
6295,1.0,37.0,4.0,ELEMENTARY,0.0
6303,1.0,880.0,3.0,HIGHSCHOOL,1.0
6306,1.0,106.0,2.0,ELEMENTARY,0.0
6308,2.0,56.0,3.0,ELEMENTARY,0.0
6311,2.0,114.0,1.0,ELEMENTARY,0.0
6312,2.0,70.0,3.0,ELEMENTARY,0.0
6314,1.0,66.0,3.0,ELEMENTARY,0.0
6316,2.0,24.0,1.0,ELEMENTARY,0.0
6321,2.0,167.0,4.0,ELEMENTARY,0.0
6336,2.0,25.0,3.0,ELEMENTARY,0.0
6337,1.0,35.0,3.0,ELEMENTARY,0.0
6343,1.0,21.0,3.0,ELEMENTARY,0.0
6346,1.0,54.0,1.0,ELEMENTARY,0.0
6349,1.0,69.0,3.0,ELEMENTARY,0.0
6355,1.0,27.0,4.0,ELEMENTARY,0.0
6362,2.0,61.0,1.0,ELEMENTARY,0.0
6364,1.0,33.0,3.0,ELEMENTARY,0.0
6375,2.0,8.0,5.0,ELEMENTARY,0.0
6377,2.0,62.0,4.0,ELEMENTARY,0.0
6389,2.0,59.0,4.0,ELEMENTARY,0.0
6390,2.0,17.0,4.0,ELEMENTARY,0.0
6392,1.0,83.0,4.0,ELEMENTARY,0.0
6408,2.0,14.0,4.0,ELEMENTARY,0.0
6416,1.0,891.0,3.0,ELEMENTARY,1.0
6419,2.0,32.0,2.0,ELEMENTARY,0.0
6421,2.0,409.0,3.0,COLLEGE,0.0
6422,1.0,32.0,1.0,ELEMENTARY,0.0
6425,2.0,70.0,3.0,ELEMENTARY,0.0
6427,2.0,10.0,4.0,ELEMENTARY,0.0
6444,2.0,13.0,4.0,ELEMENTARY,0.0
6450,2.0,26.0,2.0,ELEMENTARY,0.0
6452,1.0,71.0,3.0,ELEMENTARY,0.0
6454,1.0,6.0,3.0,ELEMENTARY,0.0
6455,2.0,17.0,4.0,ELEMENTARY,0.0
6462,2.0,55.0,1.0,ELEMENTARY,0.0
6463,1.0,6.0,1.0,ELEMENTARY,0.0
6464,1.0,62.0,1.0,ELEMENTARY,0.0
6467,1.0,48.0,1.0,ELEMENTARY,0.0
6470,1.0,27.0,4.0,ELEMENTARY,0.0
6476,1.0,821.0,1.0,ELEMENTARY,0.0
6480,2.0,19.0,5.0,ELEMENTARY,0.0
6483,2.0,14.0,1.0,ELEMENTARY,0.0
6486,2.0,50.0,3.0,ELEMENTARY,0.0
6494,2.0,34.0,3.0,ELEMENTARY,0.0
6497,1.0,24.0,5.0,ELEMENTARY,0.0
6503,2.0,23.0,3.0,ELEMENTARY,0.0
6507,2.0,6.0,3.0,ELEMENTARY,0.0
6509,2.0,27.0,4.0,ELEMENTARY,0.0
6510,1.0,24.0,2.0,ELEMENTARY,0.0
6514,2.0,12.0,4.0,ELEMENTARY,0.0
6515,2.0,70.0,1.0,ELEMENTARY,0.0
6531,1.0,4.0,4.0,ELEMENTARY,0.0
6535,2.0,38.0,3.0,ELEMENTARY,0.0
6542,1.0,34.0,1.0,ELEMENTARY,0.0
6545,1.0,31.0,4.0,ELEMENTARY,0.0
6548,2.0,15.0,2.0,ELEMENTARY,0.0
6550,2.0,164.0,1.0,ELEMENTARY,0.0
6551,1.0,8.0,3.0,ELEMENTARY,0.0
6554,1.0,35.0,3.0,ELEMENTARY,0.0
6562,2.0,189.0,3.0,ELEMENTARY,0.0
6579,1.0,53.0,1.0,ELEMENTARY,0.0
6584,2.0,9.0,1.0,ELEMENTARY,0.0
6586,1.0,7.0,3.0,ELEMENTARY,0.0
6592,2.0,179.0,1.0,ELEMENTARY,0.0
6596,2.0,30.0,4.0,ELEMENTARY,0.0
6606,2.0,13.0,1.0,ELEMENTARY,0.0
6609,2.0,12.0,3.0,ELEMENTARY,0.0
6617,2.0,62.0,3.0,ELEMENTARY,0.0
6629,1.0,10.0,4.0,ELEMENTARY,0.0
6632,2.0,214.0,1.0,ELEMENTARY,0.0
6637,1.0,10.0,3.0,ELEMENTARY,0.0
6643,2.0,24.0,3.0,ELEMENTARY,0.0
6646,2.0,8.0,3.0,ELEMENTARY,0.0
6647,2.0,103.0,1.0,ELEMENTARY,0.0
6655,1.0,68.0,3.0,ELEMENTARY,0.0
6658,1.0,39.0,3.0,ELEMENTARY,0.0
6661,1.0,52.0,1.0,ELEMENTARY,0.0
6664,2.0,683.0,3.0,COLLEGE,0.0
6669,2.0,26.0,3.0,ELEMENTARY,0.0
6671,2.0,22.0,1.0,ELEMENTARY,0.0
6673,2.0,27.0,1.0,ELEMENTARY,0.0
6675,1.0,52.0,3.0,ELEMENTARY,0.0
6681,1.0,35.0,1.0,ELEMENTARY,0.0
6682,2.0,65.0,1.0,ELEMENTARY,0.0
6691,1.0,838.0,1.0,COLLEGE,1.0
6700,1.0,59.0,4.0,ELEMENTARY,0.0
6716,2.0,148.0,1.0,ELEMENTARY,0.0
6717,2.0,54.0,3.0,ELEMENTARY,0.0
6718,2.0,124.0,2.0,ELEMENTARY,0.0
6720,1.0,20.0,4.0,ELEMENTARY,0.0
6739,1.0,8.0,1.0,ELEMENTARY,0.0
6742,2.0,1.0,5.0,ELEMENTARY,0.0
6745,1.0,11.0,3.0,ELEMENTARY,0.0
6753,1.0,198.0,1.0,ELEMENTARY,0.0
6756,2.0,248.0,1.0,ELEMENTARY,0.0
6757,2.0,38.0,1.0,ELEMENTARY,0.0
6762,1.0,17.0,1.0,ELEMENTARY,0.0
6763,1.0,35.0,1.0,ELEMENTARY,0.0
6769,2.0,32.0,3.0,ELEMENTARY,0.0
6772,1.0,7.0,1.0,ELEMENTARY,0.0
6777,1.0,11.0,4.0,ELEMENTARY,0.0
6784,1.0,14.0,3.0,ELEMENTARY,0.0
6792,1.0,44.0,4.0,ELEMENTARY,0.0
6793,2.0,44.0,4.0,ELEMENTARY,0.0
6800,1.0,58.0,2.0,ELEMENTARY,0.0
6806,1.0,230.0,4.0,ELEMENTARY,0.0
6812,2.0,71.0,5.0,ELEMENTARY,0.0
6813,1.0,46.0,1.0,ELEMENTARY,0.0
6816,2.0,5.397605346934028e-79,3.0,ELEMENTARY,0.0
6821,1.0,28.0,1.0,ELEMENTARY,0.0
6836,2.0,8.0,1.0,ELEMENTARY,0.0
6838,2.0,10.0,5.0,ELEMENTARY,0.0
6843,1.0,6.0,4.0,ELEMENTARY,0.0
6847,1.0,69.0,4.0,ELEMENTARY,0.0
6848,2.0,45.0,3.0,ELEMENTARY,0.0
6852,1.0,14.0,3.0,ELEMENTARY,0.0
6856,2.0,9.0,1.0,ELEMENTARY,0.0
6862,1.0,265.0,3.0,OTHERS,0.0
6863,2.0,55.0,3.0,ELEMENTARY,0.0
6867,2.0,899.0,3.0,HIGHSCHOOL,1.0
6872,2.0,42.0,4.0,ELEMENTARY,0.0
6876,2.0,20.0,3.0,ELEMENTARY,0.0
6878,1.0,34.0,1.0,ELEMENTARY,0.0
6885,2.0,11.0,4.0,ELEMENTARY,0.0
6886,1.0,35.0,1.0,ELEMENTARY,0.0
6891,1.0,27.0,1.0,ELEMENTARY,0.0
6893,1.0,22.0,4.0,ELEMENTARY,0.0
6895,2.0,357.0,3.0,COLLEGE,0.0
6899,2.0,7.0,3.0,ELEMENTARY,0.0
6903,2.0,7.0,1.0,ELEMENTARY,0.0
6904,2.0,27.0,1.0,ELEMENTARY,0.0
6908,1.0,200.0,2.0,ELEMENTARY,0.0
6909,2.0,5.0,5.0,ELEMENTARY,0.0
6913,2.0,805.0,4.0,ELEMENTARY,0.0
6914,1.0,10.0,1.0,ELEMENTARY,0.0
6919,2.0,5.397605346934028e-79,2.0,ELEMENTARY,0.0
6920,1.0,19.0,5.0,ELEMENTARY,0.0
6932,1.0,3.0,1.0,ELEMENTARY,0.0
6934,1.0,267.0,3.0,OTHERS,0.0
6943,1.0,18.0,3.0,ELEMENTARY,0.0
6945,1.0,45.0,1.0,ELEMENTARY,0.0
6949,2.0,1068.0,3.0,ELEMENTARY,1.0
6966,1.0,4.0,1.0,ELEMENTARY,0.0
6967,2.0,28.0,1.0,ELEMENTARY,0.0
6969,1.0,98.0,1.0,ELEMENTARY,0.0
6972,2.0,28.0,3.0,ELEMENTARY,0.0
6974,2.0,33.0,1.0,ELEMENTARY,0.0
6976,1.0,2.0,1.0,ELEMENTARY,0.0
6982,1.0,10.0,1.0,ELEMENTARY,0.0
7000,2.0,37.0,1.0,ELEMENTARY,0.0
7006,2.0,21.0,4.0,ELEMENTARY,0.0
7014,2.0,861.0,1.0,ELEMENTARY,1.0
7015,1.0,13.0,4.0,ELEMENTARY,0.0
7033,2.0,5.0,5.0,ELEMENTARY,0.0
7037,1.0,18.0,3.0,ELEMENTARY,0.0
7040,1.0,8.0,1.0,ELEMENTARY,0.0
7045,2.0,44.0,5.0,ELEMENTARY,0.0
7053,1.0,69.0,1.0,ELEMENTARY,0.0
7068,2.0,50.0,3.0,ELEMENTARY,0.0
7075,1.0,42.0,5.0,ELEMENTARY,0.0
7083,1.0,39.0,4.0,ELEMENTARY,0.0
7084,1.0,455.0,5.0,COLLEGE,0.0
7086,2.0,36.0,4.0,ELEMENTARY,0.0
7090,1.0,21.0,1.0,ELEMENTARY,0.0
7091,2.0,22.0,1.0,ELEMENTARY,0.0
7094,2.0,18.0,5.0,ELEMENTARY,0.0
7097,2.0,71.0,4.0,ELEMENTARY,0.0
7100,1.0,444.0,3.0,HIGHSCHOOL,0.0
7101,1.0,20.0,3.0,ELEMENTARY,0.0
7102,1.0,63.0,4.0,ELEMENTARY,0.0
7117,2.0,29.0,5.0,ELEMENTARY,0.0
7125,1.0,16.0,3.0,ELEMENTARY,0.0
7126,1.0,51.0,3.0,ELEMENTARY,0.0
7128,2.0,15.0,1.0,ELEMENTARY,0.0
7129,1.0,13.0,1.0,ELEMENTARY,0.0
7137,1.0,5.0,4.0,ELEMENTARY,0.0
7139,1.0,41.0,3.0,ELEMENTARY,0.0
7141,2.0,5.0,1.0,ELEMENTARY,0.0
7142,2.0,68.0,4.0,ELEMENTARY,0.0
7145,1.0,70.0,1.0,ELEMENTARY,0.0
7146,1.0,186.0,4.0,ELEMENTARY,0.0
7159,2.0,32.0,4.0,ELEMENTARY,0.0
7160,1.0,19.0,4.0,ELEMENTARY,0.0
7162,2.0,56.0,1.0,ELEMENTARY,0.0
7167,2.0,8.0,1.0,ELEMENTARY,0.0
7170,2.0,18.0,4.0,ELEMENTARY,0.0
7171,1.0,20.0,2.0,ELEMENTARY,0.0
7172,1.0,4.0,3.0,ELEMENTARY,0.0
7181,1.0,58.0,3.0,ELEMENTARY,0.0
7183,2.0,23.0,1.0,ELEMENTARY,0.0
7189,2.0,28.0,3.0,ELEMENTARY,0.0
7192,2.0,27.0,3.0,ELEMENTARY,0.0
7199,1.0,26.0,2.0,ELEMENTARY,0.0
7200,2.0,41.0,1.0,ELEMENTARY,0.0
7204,2.0,17.0,1.0,ELEMENTARY,0.0
7214,2.0,34.0,4.0,ELEMENTARY,0.0
7216,1.0,23.0,1.0,ELEMENTARY,0.0
7219,1.0,16.0,3.0,ELEMENTARY,0.0
7226,1.0,897.0,3.0,ELEMENTARY,1.0
7228,1.0,15.0,2.0,ELEMENTARY,0.0
7229,2.0,5.0,3.0,ELEMENTARY,0.0
7230,2.0,29.0,1.0,ELEMENTARY,0.0
7232,2.0,59.0,1.0,ELEMENTARY,0.0
7236,2.0,10.0,3.0,ELEMENTARY,0.0
7240,1.0,1.0,4.0,ELEMENTARY,0.0
7252,2.0,25.0,1.0,ELEMENTARY,0.0
7256,2.0,2.0,1.0,ELEMENTARY,0.0
7263,1.0,52.0,1.0,ELEMENTARY,0.0
7265,2.0,33.0,4.0,ELEMENTARY,0.0
7273,1.0,7.0,3.0,ELEMENTARY,0.0
7286,2.0,24.0,3.0,ELEMENTARY,0.0
7289,1.0,158.0,4.0,ELEMENTARY,0.0
7292,2.0,8.0,3.0,ELEMENTARY,0.0
7298,1.0,353.0,4.0,ELEMENTARY,0.0
7301,2.0,15.0,3.0,ELEMENTARY,0.0
7307,2.0,1.0,1.0,ELEMENTARY,0.0
7311,1.0,14.0,1.0,ELEMENTARY,0.0
7312,1.0,71.0,1.0,ELEMENTARY,0.0
7314,2.0,59.0,1.0,ELEMENTARY,0.0
7318,1.0,22.0,3.0,ELEMENTARY,0.0
7324,1.0,231.0,3.0,HIGHSCHOOL,0.0
7343,2.0,44.0,4.0,ELEMENTARY,0.0
7346,1.0,67.0,3.0,ELEMENTARY,0.0
7349,2.0,228.0,1.0,HIGHSCHOOL,0.0
7351,2.0,25.0,1.0,ELEMENTARY,0.0
7352,2.0,38.0,3.0,ELEMENTARY,0.0
7356,2.0,5.0,1.0,ELEMENTARY,0.0
7357,1.0,26.0,3.0,ELEMENTARY,0.0
7360,1.0,52.0,1.0,ELEMENTARY,0.0
7376,2.0,67.0,4.0,ELEMENTARY,0.0
7383,1.0,58.0,1.0,ELEMENTARY,0.0
7384,2.0,25.0,5.0,ELEMENTARY,0.0
7389,1.0,18.0,2.0,ELEMENTARY,0.0
7397,1.0,18.0,5.0,ELEMENTARY,0.0
7399,1.0,19.0,3.0,ELEMENTARY,0.0
7402,1.0,1.0,3.0,ELEMENTARY,0.0
7404,2.0,12.0,3.0,ELEMENTARY,0.0
7410,1.0,13.0,3.0,ELEMENTARY,0.0
7442,1.0,20.0,3.0,ELEMENTARY,0.0
7446,2.0,42.0,3.0,ELEMENTARY,0.0
7452,2.0,62.0,4.0,ELEMENTARY,0.0
7459,1.0,60.0,4.0,ELEMENTARY,0.0
7460,1.0,34.0,4.0,ELEMENTARY,0.0
7462,2.0,61.0,1.0,ELEMENTARY,0.0
7469,1.0,1068.0,3.0,ELEMENTARY,1.0
7473,2.0,8.0,1.0,ELEMENTARY,0.0
7476,1.0,10.0,1.0,ELEMENTARY,0.0
7482,2.0,29.0,1.0,ELEMENTARY,0.0
7483,2.0,63.0,1.0,ELEMENTARY,0.0
7491,2.0,1068.0,3.0,HIGHSCHOOL,1.0
7493,2.0,11.0,5.0,ELEMENTARY,0.0
7495,1.0,2.0,1.0,ELEMENTARY,0.0
7500,1.0,5.0,3.0,ELEMENTARY,0.0
7501,2.0,4.0,4.0,ELEMENTARY,0.0
7505,1.0,70.0,3.0,ELEMENTARY,0.0
7507,1.0,38.0,4.0,ELEMENTARY,0.0
7514,2.0,11.0,3.0,ELEMENTARY,0.0
7516,2.0,56.0,4.0,ELEMENTARY,0.0
7521,2.0,4.0,1.0,ELEMENTARY,0.0
7523,1.0,32.0,3.0,ELEMENTARY,0.0
7525,1.0,185.0,4.0,ELEMENTARY,0.0
7527,2.0,3.0,1.0,ELEMENTARY,0.0
7534,1.0,26.0,1.0,ELEMENTARY,0.0
7539,1.0,5.0,1.0,ELEMENTARY,0.0
7561,1.0,493.0,4.0,COLLEGE,0.0
7564,1.0,15.0,1.0,ELEMENTARY,0.0
7565,2.0,33.0,1.0,ELEMENTARY,0.0
7568,2.0,3.0,3.0,ELEMENTARY,0.0
7585,1.0,23.0,4.0,ELEMENTARY,0.0
7588,1.0,1068.0,3.0,OTHERS,1.0
7589,1.0,3.0,1.0,ELEMENTARY,0.0
7595,2.0,302.0,1.0,OTHERS,0.0
7600,2.0,33.0,4.0,ELEMENTARY,0.0
7602,2.0,64.0,2.0,ELEMENTARY,0.0
7607,2.0,11.0,4.0,ELEMENTARY,0.0
7613,2.0,34.0,2.0,ELEMENTARY,0.0
7616,1.0,81.0,4.0,ELEMENTARY,0.0
7619,2.0,49.0,4.0,ELEMENTARY,0.0
7620,1.0,21.0,1.0,ELEMENTARY,0.0
7622,2.0,34.0,5.0,ELEMENTARY,0.0
7623,1.0,10.0,4.0,ELEMENTARY,0.0
7627,1.0,61.0,3.0,ELEMENTARY,0.0
7629,2.0,54.0,5.0,ELEMENTARY,0.0
7630,1.0,16.0,4.0,ELEMENTARY,0.0
7633,2.0,1068.0,5.0,OTHERS,1.0
7639,2.0,31.0,1.0,ELEMENTARY,0.0
7647,2.0,2.0,3.0,ELEMENTARY,0.0
7658,2.0,25.0,4.0,ELEMENTARY,0.0
7667,1.0,27.0,1.0,ELEMENTARY,0.0
7668,1.0,835.0,4.0,ELEMENTARY,0.0
7677,1.0,9.0,3.0,ELEMENTARY,0.0
7678,2.0,5.397605346934028e-79,1.0,ELEMENTARY,0.0
7679,1.0,11.0,5.0,ELEMENTARY,0.0
7681,1.0,3.0,1.0,ELEMENTARY,0.0
7682,2.0,24.0,1.0,ELEMENTARY,0.0
7684,2.0,321.0,1.0,ELEMENTARY,0.0
7687,1.0,71.0,1.0,ELEMENTARY,0.0
7689,1.0,85.0,4.0,ELEMENTARY,0.0
7691,1.0,5.0,4.0,ELEMENTARY,0.0
7693,1.0,9.0,2.0,ELEMENTARY,0.0
7712,1.0,19.0,3.0,ELEMENTARY,0.0
7720,2.0,5.0,4.0,ELEMENTARY,0.0
7741,2.0,29.0,4.0,ELEMENTARY,0.0
7742,1.0,4.0,3.0,ELEMENTARY,0.0
7749,1.0,61.0,1.0,ELEMENTARY,0.0
7764,1.0,44.0,4.0,ELEMENTARY,0.0
7769,2.0,34.0,3.0,ELEMENTARY,0.0
7772,2.0,71.0,4.0,ELEMENTARY,0.0
7775,1.0,56.0,1.0,ELEMENTARY,0.0
7784,2.0,26.0,4.0,ELEMENTARY,0.0
7790,2.0,2.0,1.0,ELEMENTARY,0.0
7796,2.0,3.0,4.0,ELEMENTARY,0.0
7800,2.0,39.0,1.0,ELEMENTARY,0.0
7803,2.0,52.0,4.0,ELEMENTARY,0.0
7808,1.0,41.0,4.0,ELEMENTARY,0.0
7812,1.0,123.0,3.0,ELEMENTARY,0.0
7816,1.0,51.0,1.0,ELEMENTARY,0.0
7818,2.0,17.0,3.0,ELEMENTARY,0.0
7822,2.0,31.0,4.0,ELEMENTARY,0.0
7823,1.0,14.0,4.0,ELEMENTARY,0.0
7824,2.0,10.0,3.0,ELEMENTARY,0.0
7825,1.0,8.0,3.0,ELEMENTARY,0.0
7828,1.0,31.0,4.0,ELEMENTARY,0.0
7832,1.0,28.0,3.0,ELEMENTARY,0.0
7833,2.0,510.0,3.0,HIGHSCHOOL,0.0
7846,1.0,20.0,3.0,ELEMENTARY,0.0
7848,2.0,445.0,3.0,ELEMENTARY,0.0
7852,1.0,9.0,4.0,ELEMENTARY,0.0
7857,1.0,34.0,5.0,ELEMENTARY,0.0
7861,1.0,595.0,1.0,ELEMENTARY,0.0
7871,2.0,217.0,1.0,ELEMENTARY,0.0
7875,2.0,20.0,1.0,ELEMENTARY,0.0
7881,1.0,45.0,3.0,ELEMENTARY,0.0
7885,2.0,63.0,4.0,ELEMENTARY,0.0
7887,2.0,5.397605346934028e-79,5.0,ELEMENTARY,0.0
7888,1.0,6.0,4.0,ELEMENTARY,0.0
7890,2.0,43.0,4.0,ELEMENTARY,0.0
7892,1.0,15.0,3.0,ELEMENTARY,0.0
7899,1.0,4.0,1.0,ELEMENTARY,0.0
7902,1.0,1.0,3.0,ELEMENTARY,0.0
7903,2.0,905.0,3.0,HIGHSCHOOL,1.0
7904,1.0,5.397605346934028e-79,3.0,ELEMENTARY,0.0
7906,1.0,48.0,4.0,ELEMENTARY,0.0
7911,1.0,71.0,3.0,ELEMENTARY,0.0
7920,1.0,89.0,4.0,ELEMENTARY,0.0
7923,2.0,19.0,3.0,ELEMENTARY,0.0
7940,2.0,11.0,4.0,ELEMENTARY,0.0
7942,2.0,8.0,1.0,ELEMENTARY,0.0
7947,2.0,130.0,1.0,ELEMENTARY,0.0
7956,2.0,19.0,4.0,ELEMENTARY,0.0
7960,2.0,178.0,3.0,ELEMENTARY,0.0
7975,1.0,32.0,1.0,ELEMENTARY,0.0
7978,1.0,2.0,1.0,ELEMENTARY,0.0
7979,1.0,1068.0,3.0,ELEMENTARY,1.0
7984,1.0,13.0,3.0,ELEMENTARY,0.0
7991,2.0,201.0,4.0,ELEMENTARY,0.0
8003,2.0,21.0,3.0,ELEMENTARY,0.0
8004,1.0,4.0,5.0,ELEMENTARY,0.0
8006,2.0,52.0,5.0,ELEMENTARY,0.0
8008,2.0,45.0,1.0,ELEMENTARY,0.0
8012,1.0,48.0,1.0,ELEMENTARY,0.0
8013,2.0,56.0,1.0,ELEMENTARY,0.0
8017,2.0,30.0,1.0,ELEMENTARY,0.0
8018,2.0,3.0,3.0,ELEMENTARY,0.0
8022,1.0,24.0,4.0,ELEMENTARY,0.0
8024,2.0,62.0,4.0,ELEMENTARY,0.0
8032,2.0,337.0,3.0,OTHERS,0.0
8033,2.0,31.0,1.0,ELEMENTARY,0.0
8039,1.0,477.0,3.0,HIGHSCHOOL,0.0
8040,1.0,40.0,4.0,ELEMENTARY,0.0
8047,1.0,225.0,3.0,HIGHSCHOOL,0.0
8049,1.0,4.0,2.0,ELEMENTARY,0.0
8055,2.0,4.0,1.0,ELEMENTARY,0.0
8056,2.0,8.0,3.0,ELEMENTARY,0.0
8061,1.0,8.0,4.0,ELEMENTARY,0.0
8069,1.0,28.0,4.0,ELEMENTARY,0.0
8071,1.0,3.0,3.0,ELEMENTARY,0.0
8073,2.0,16.0,4.0,ELEMENTARY,0.0
8074,1.0,22.0,4.0,ELEMENTARY,0.0
8085,2.0,48.0,5.0,ELEMENTARY,0.0
8091,2.0,50.0,4.0,ELEMENTARY,0.0
8092,1.0,43.0,5.0,ELEMENTARY,0.0
8094,2.0,55.0,1.0,ELEMENTARY,0.0
8097,1.0,9.0,1.0,ELEMENTARY,0.0
8101,1.0,10.0,3.0,ELEMENTARY,0.0
8104,2.0,56.0,1.0,ELEMENTARY,0.0
8108,1.0,66.0,5.0,ELEMENTARY,0.0
8109,1.0,70.0,1.0,ELEMENTARY,0.0
8113,2.0,15.0,4.0,ELEMENTARY,0.0
8116,2.0,439.0,5.0,COLLEGE,0.0
8128,1.0,36.0,3.0,ELEMENTARY,0.0
8130,2.0,17.0,4.0,ELEMENTARY,0.0
8131,2.0,28.0,3.0,ELEMENTARY,0.0
8135,2.0,10.0,1.0,ELEMENTARY,0.0
8137,1.0,34.0,4.0,ELEMENTARY,0.0
8143,2.0,6.0,3.0,ELEMENTARY,0.0
8149,1.0,14.0,3.0,ELEMENTARY,0.0
8153,2.0,30.0,4.0,ELEMENTARY,0.0
8160,2.0,376.0,1.0,ELEMENTARY,0.0
8172,2.0,23.0,2.0,ELEMENTARY,0.0
8181,2.0,46.0,2.0,ELEMENTARY,0.0
8183,2.0,43.0,5.0,ELEMENTARY,0.0
8186,1.0,23.0,3.0,ELEMENTARY,0.0
8199,2.0,54.0,4.0,ELEMENTARY,0.0
8203,1.0,38.0,3.0,ELEMENTARY,0.0
8204,2.0,11.0,4.0,ELEMENTARY,0.0
8205,2.0,37.0,3.0,ELEMENTARY,0.0
8206,2.0,27.0,2.0,ELEMENTARY,0.0
8214,1.0,29.0,1.0,ELEMENTARY,0.0
8215,1.0,61.0,4.0,ELEMENTARY,0.0
8234,2.0,920.0,3.0,OTHERS,1.0
8237,2.0,953.0,4.0,OTHERS,1.0
8239,1.0,58.0,5.0,ELEMENTARY,0.0
8242,1.0,28.0,1.0,ELEMENTARY,0.0
8250,1.0,7.0,1.0,ELEMENTARY,0.0
8253,1.0,734.0,4.0,OTHERS,0.0
8257,2.0,20.0,3.0,ELEMENTARY,0.0
8259,1.0,18.0,4.0,ELEMENTARY,0.0
8266,2.0,4.0,1.0,ELEMENTARY,0.0
8267,2.0,30.0,4.0,ELEMENTARY,0.0
8268,2.0,16.0,1.0,ELEMENTARY,0.0
8269,1.0,60.0,3.0,ELEMENTARY,0.0
8271,2.0,14.0,1.0,ELEMENTARY,0.0
8274,1.0,63.0,3.0,ELEMENTARY,0.0
8280,1.0,756.0,4.0,HIGHSCHOOL,0.0
8282,1.0,231.0,1.0,ELEMENTARY,0.0
8285,2.0,20.0,1.0,ELEMENTARY,0.0
8296,1.0,9.0,1.0,ELEMENTARY,0.0
8314,2.0,7.0,4.0,ELEMENTARY,0.0
8315,1.0,40.0,2.0,ELEMENTARY,0.0
8316,2.0,71.0,1.0,ELEMENTARY,0.0
8318,2.0,17.0,5.0,ELEMENTARY,0.0
8320,2.0,18.0,4.0,ELEMENTARY,0.0
8323,1.0,18.0,4.0,ELEMENTARY,0.0
8324,2.0,18.0,4.0,ELEMENTARY,0.0
8330,1.0,15.0,1.0,ELEMENTARY,0.0
8334,2.0,18.0,3.0,ELEMENTARY,0.0
8338,1.0,67.0,1.0,ELEMENTARY,0.0
8342,1.0,385.0,3.0,OTHERS,0.0
8359,2.0,21.0,4.0,ELEMENTARY,0.0
8361,2.0,56.0,1.0,ELEMENTARY,0.0
8365,2.0,67.0,2.0,ELEMENTARY,0.0
8369,2.0,22.0,4.0,ELEMENTARY,0.0
8373,2.0,38.0,4.0,ELEMENTARY,0.0
8381,1.0,63.0,1.0,ELEMENTARY,0.0
8382,2.0,27.0,4.0,ELEMENTARY,0.0
8383,1.0,46.0,1.0,ELEMENTARY,0.0
8388,2.0,49.0,1.0,ELEMENTARY,0.0
8390,1.0,5.397605346934028e-79,4.0,ELEMENTARY,0.0
8391,2.0,34.0,3.0,ELEMENTARY,0.0
8393,1.0,6.0,3.0,ELEMENTARY,0.0
8400,2.0,81.0,1.0,ELEMENTARY,0.0
8401,1.0,6.0,4.0,ELEMENTARY,0.0
8407,1.0,17.0,3.0,ELEMENTARY,0.0
8410,2.0,5.397605346934028e-79,3.0,ELEMENTARY,0.0
8412,2.0,33.0,3.0,ELEMENTARY,0.0
8415,1.0,14.0,4.0,ELEMENTARY,0.0
8417,1.0,7.0,1.0,ELEMENTARY,0.0
8418,1.0,520.0,1.0,ELEMENTARY,0.0
8428,2.0,15.0,4.0,ELEMENTARY,0.0
8430,1.0,11.0,3.0,ELEMENTARY,0.0
8436,2.0,77.0,5.0,ELEMENTARY,0.0
8445,2.0,206.0,1.0,ELEMENTARY,0.0
8447,1.0,67.0,3.0,ELEMENTARY,0.0
8458,2.0,8.0,3.0,ELEMENTARY,0.0
8463,1.0,1.0,3.0,ELEMENTARY,0.0
8469,2.0,39.0,4.0,ELEMENTARY,0.0
8470,2.0,27.0,3.0,ELEMENTARY,0.0
8471,1.0,502.0,5.0,OTHERS,0.0
8480,2.0,20.0,1.0,ELEMENTARY,0.0
8482,1.0,48.0,3.0,ELEMENTARY,0.0
8484,1.0,23.0,1.0,ELEMENTARY,0.0
8485,1.0,55.0,5.0,ELEMENTARY,0.0
8487,1.0,48.0,3.0,ELEMENTARY,0.0
8490,1.0,65.0,4.0,ELEMENTARY,0.0
8495,2.0,52.0,1.0,ELEMENTARY,0.0
8496,1.0,58.0,4.0,ELEMENTARY,0.0
8500,1.0,15.0,3.0,ELEMENTARY,0.0
8502,1.0,49.0,4.0,ELEMENTARY,0.0
8504,2.0,71.0,1.0,ELEMENTARY,0.0
8516,1.0,25.0,1.0,ELEMENTARY,0.0
8521,1.0,20.0,1.0,ELEMENTARY,0.0
8522,2.0,5.397605346934028e-79,1.0,ELEMENTARY,0.0
8524,2.0,56.0,3.0,ELEMENTARY,0.0
8525,2.0,50.0,5.0,ELEMENTARY,0.0
8531,2.0,25.0,1.0,ELEMENTARY,0.0
8534,2.0,96.0,1.0,ELEMENTARY,0.0
8540,2.0,12.0,3.0,ELEMENTARY,0.0
8545,1.0,21.0,1.0,ELEMENTARY,0.0
8553,1.0,44.0,3.0,ELEMENTARY,0.0
8558,1.0,49.0,4.0,ELEMENTARY,0.0
8559,2.0,22.0,4.0,ELEMENTARY,0.0
8560,2.0,43.0,1.0,ELEMENTARY,0.0
8567,2.0,59.0,1.0,ELEMENTARY,0.0
8572,2.0,84.0,3.0,ELEMENTARY,0.0
8574,1.0,12.0,3.0,ELEMENTARY,0.0
8576,1.0,33.0,3.0,ELEMENTARY,0.0
8577,2.0,6.0,5.0,ELEMENTARY,0.0
8579,1.0,37.0,1.0,ELEMENTARY,0.0
8582,2.0,19.0,3.0,ELEMENTARY,0.0
8584,1.0,18.0,1.0,ELEMENTARY,0.0
8585,2.0,977.0,3.0,COLLEGE,1.0
8597,2.0,26.0,5.0,ELEMENTARY,0.0
8610,2.0,65.0,1.0,ELEMENTARY,0.0
8611,1.0,43.0,4.0,ELEMENTARY,0.0
8613,2.0,41.0,1.0,ELEMENTARY,0.0
8615,1.0,179.0,1.0,ELEMENTARY,0.0
8618,1.0,32.0,1.0,ELEMENTARY,0.0
8622,1.0,9.0,3.0,ELEMENTARY,0.0
8623,2.0,44.0,3.0,ELEMENTARY,0.0
8629,1.0,32.0,1.0,ELEMENTARY,0.0
8630,1.0,1.0,1.0,ELEMENTARY,0.0
8635,1.0,22.0,1.0,ELEMENTARY,0.0
8639,1.0,26.0,1.0,ELEMENTARY,0.0
8640,1.0,15.0,4.0,ELEMENTARY,0.0
8651,1.0,27.0,4.0,ELEMENTARY,0.0
8654,1.0,747.0,1.0,OTHERS,0.0
8657,2.0,20.0,1.0,ELEMENTARY,0.0
8668,1.0,1068.0,3.0,OTHERS,1.0
8673,2.0,222.0,3.0,HIGHSCHOOL,0.0
8674,2.0,23.0,1.0,ELEMENTARY,0.0
8680,1.0,988.0,3.0,HIGHSCHOOL,1.0
8688,1.0,32.0,4.0,ELEMENTARY,0.0
8698,1.0,51.0,4.0,ELEMENTARY,0.0
8723,1.0,13.0,1.0,ELEMENTARY,0.0
8729,2.0,1068.0,3.0,HIGHSCHOOL,1.0
8730,1.0,4.0,3.0,ELEMENTARY,0.0
8732,1.0,519.0,3.0,OTHERS,0.0
8736,1.0,11.0,1.0,ELEMENTARY,0.0
8738,1.0,11.0,1.0,ELEMENTARY,0.0
8740,2.0,54.0,4.0,ELEMENTARY,0.0
8761,1.0,34.0,1.0,ELEMENTARY,0.0
8762,1.0,67.0,4.0,ELEMENTARY,0.0
8763,2.0,2.0,1.0,ELEMENTARY,0.0
8764,2.0,17.0,4.0,ELEMENTARY,0.0
8766,2.0,1.0,3.0,ELEMENTARY,0.0
8771,1.0,7.0,1.0,ELEMENTARY,0.0
8774,2.0,33.0,1.0,ELEMENTARY,0.0
8775,2.0,35.0,1.0,ELEMENTARY,0.0
8777,2.0,872.0,3.0,HIGHSCHOOL,1.0
8785,2.0,26.0,2.0,ELEMENTARY,0.0
8789,2.0,567.0,1.0,ELEMENTARY,0.0
8794,2.0,26.0,3.0,ELEMENTARY,0.0
8796,2.0,65.0,1.0,ELEMENTARY,0.0
8797,1.0,5.397605346934028e-79,4.0,ELEMENTARY,0.0
8799,2.0,7.0,1.0,ELEMENTARY,0.0
8801,2.0,7.0,1.0,ELEMENTARY,0.0
8806,1.0,6.0,1.0,ELEMENTARY,0.0
8815,2.0,18.0,4.0,ELEMENTARY,0.0
8817,1.0,318.0,4.0,OTHERS,0.0
8823,2.0,47.0,4.0,ELEMENTARY,0.0
8828,2.0,41.0,1.0,ELEMENTARY,0.0
8840,2.0,67.0,4.0,ELEMENTARY,0.0
8844,1.0,17.0,4.0,ELEMENTARY,0.0
8848,1.0,23.0,3.0,ELEMENTARY,0.0
8850,2.0,64.0,5.0,ELEMENTARY,0.0
8853,1.0,7.0,1.0,ELEMENTARY,0.0
8854,1.0,3.0,1.0,ELEMENTARY,0.0
8858,1.0,16.0,4.0,ELEMENTARY,0.0
8864,2.0,64.0,1.0,ELEMENTARY,0.0
8872,2.0,5.0,1.0,ELEMENTARY,0.0
8882,1.0,59.0,4.0,ELEMENTARY,0.0
8887,2.0,218.0,4.0,ELEMENTARY,0.0
8895,2.0,61.0,3.0,ELEMENTARY,0.0
8904,1.0,63.0,3.0,ELEMENTARY,0.0
8910,1.0,2.0,4.0,ELEMENTARY,0.0
8913,1.0,71.0,4.0,ELEMENTARY,0.0
8915,1.0,33.0,1.0,ELEMENTARY,0.0
8916,2.0,10.0,1.0,ELEMENTARY,0.0
8927,1.0,74.0,1.0,ELEMENTARY,0.0
8930,1.0,3.0,1.0,ELEMENTARY,0.0
8935,2.0,3.0,3.0,ELEMENTARY,0.0
8949,1.0,31.0,3.0,ELEMENTARY,0.0
8951,1.0,34.0,1.0,ELEMENTARY,0.0
8959,1.0,5.0,1.0,ELEMENTARY,0.0
8960,2.0,61.0,1.0,ELEMENTARY,0.0
8964,2.0,31.0,1.0,ELEMENTARY,0.0
8967,1.0,3.0,1.0,ELEMENTARY,0.0
8974,1.0,4.0,1.0,ELEMENTARY,0.0
8975,2.0,3.0,1.0,ELEMENTARY,0.0
8978,1.0,47.0,1.0,ELEMENTARY,0.0
8987,1.0,3.0,5.0,ELEMENTARY,0.0
8988,1.0,23.0,4.0,ELEMENTARY,0.0
8993,1.0,41.0,2.0,ELEMENTARY,0.0
8999,2.0,45.0,4.0,ELEMENTARY,0.0
9000,2.0,61.0,1.0,ELEMENTARY,0.0
9001,2.0,14.0,4.0,ELEMENTARY,0.0
9012,2.0,21.0,1.0,ELEMENTARY,0.0
9015,1.0,58.0,4.0,ELEMENTARY,0.0
9018,2.0,54.0,1.0,ELEMENTARY,0.0
9019,1.0,52.0,1.0,ELEMENTARY,0.0
9029,1.0,36.0,3.0,ELEMENTARY,0.0
9035,2.0,9.0,3.0,ELEMENTARY,0.0
9036,2.0,33.0,3.0,ELEMENTARY,0.0
9039,1.0,2.0,3.0,ELEMENTARY,0.0
9041,1.0,33.0,4.0,ELEMENTARY,0.0
9048,1.0,2.0,3.0,ELEMENTARY,0.0
9054,2.0,63.0,4.0,ELEMENTARY,0.0
9057,1.0,53.0,1.0,ELEMENTARY,0.0
9059,1.0,52.0,1.0,ELEMENTARY,0.0
9061,2.0,67.0,2.0,ELEMENTARY,0.0
9065,1.0,8.0,1.0,ELEMENTARY,0.0
9072,2.0,575.0,1.0,ELEMENTARY,0.0
9075,1.0,31.0,1.0,ELEMENTARY,0.0
9077,2.0,1068.0,3.0,COLLEGE,1.0
9079,2.0,55.0,4.0,ELEMENTARY,0.0
9080,2.0,32.0,3.0,ELEMENTARY,0.0
9095,1.0,20.0,3.0,ELEMENTARY,0.0
9097,2.0,3.0,1.0,ELEMENTARY,0.0
9102,1.0,6.0,1.0,ELEMENTARY,0.0
9109,1.0,10.0,1.0,ELEMENTARY,0.0
9111,1.0,10.0,1.0,ELEMENTARY,0.0
9114,2.0,11.0,4.0,ELEMENTARY,0.0
9115,2.0,11.0,1.0,ELEMENTARY,0.0
9116,1.0,30.0,3.0,ELEMENTARY,0.0
9118,1.0,62.0,1.0,ELEMENTARY,0.0
9119,2.0,2.0,5.0,ELEMENTARY,0.0
9132,2.0,197.0,1.0,ELEMENTARY,0.0
9134,2.0,534.0,3.0,OTHERS,0.0
9145,1.0,47.0,4.0,ELEMENTARY,0.0
9157,2.0,63.0,1.0,ELEMENTARY,0.0
9158,2.0,50.0,3.0,ELEMENTARY,0.0
9167,1.0,2.0,1.0,ELEMENTARY,0.0
9174,1.0,5.0,3.0,ELEMENTARY,0.0
9178,2.0,45.0,1.0,ELEMENTARY,0.0
9182,1.0,2.0,2.0,ELEMENTARY,0.0
9184,2.0,453.0,3.0,COLLEGE,0.0
9185,2.0,52.0,3.0,ELEMENTARY,0.0
9188,1.0,49.0,2.0,ELEMENTARY,0.0
9197,2.0,17.0,3.0,ELEMENTARY,0.0
9198,1.0,48.0,4.0,ELEMENTARY,0.0
9200,2.0,88.0,1.0,ELEMENTARY,0.0
9207,1.0,41.0,4.0,ELEMENTARY,0.0
9210,1.0,59.0,1.0,ELEMENTARY,0.0
9213,2.0,37.0,4.0,ELEMENTARY,0.0
9217,1.0,71.0,3.0,ELEMENTARY,0.0
9221,2.0,15.0,3.0,ELEMENTARY,0.0
9227,1.0,64.0,3.0,ELEMENTARY,0.0
9230,2.0,5.397605346934028e-79,1.0,ELEMENTARY,0.0
9238,1.0,7.0,3.0,ELEMENTARY,0.0
9240,2.0,520.0,3.0,COLLEGE,0.0
9247,2.0,61.0,5.0,ELEMENTARY,0.0
9248,2.0,26.0,4.0,ELEMENTARY,0.0
9249,2.0,11.0,1.0,ELEMENTARY,0.0
9258,2.0,9.0,3.0,ELEMENTARY,0.0
9266,1.0,53.0,4.0,ELEMENTARY,0.0
9278,1.0,62.0,4.0,ELEMENTARY,0.0
9280,1.0,11.0,1.0,ELEMENTARY,0.0
9285,2.0,40.0,4.0,ELEMENTARY,0.0
9286,1.0,40.0,1.0,ELEMENTARY,0.0
9288,2.0,54.0,4.0,ELEMENTARY,0.0
9299,1.0,50.0,4.0,ELEMENTARY,0.0
9311,2.0,38.0,4.0,ELEMENTARY,0.0
9321,2.0,14.0,3.0,ELEMENTARY,0.0
9322,1.0,16.0,4.0,ELEMENTARY,0.0
9323,2.0,705.0,5.0,ELEMENTARY,0.0
9351,1.0,29.0,1.0,ELEMENTARY,0.0
9352,1.0,59.0,4.0,ELEMENTARY,0.0
9353,2.0,3.0,3.0,ELEMENTARY,0.0
9360,2.0,60.0,3.0,ELEMENTARY,0.0
9367,2.0,68.0,3.0,ELEMENTARY,0.0
9368,2.0,9.0,3.0,ELEMENTARY,0.0
9373,2.0,65.0,3.0,ELEMENTARY,0.0
9377,1.0,30.0,3.0,ELEMENTARY,0.0
9389,2.0,2.0,4.0,ELEMENTARY,0.0
9394,2.0,40.0,3.0,ELEMENTARY,0.0
9402,1.0,11.0,3.0,ELEMENTARY,0.0
9410,1.0,37.0,5.0,ELEMENTARY,0.0
9420,1.0,65.0,1.0,ELEMENTARY,0.0
9425,2.0,5.397605346934028e-79,1.0,ELEMENTARY,0.0
9426,2.0,6.0,1.0,ELEMENTARY,0.0
9435,1.0,23.0,3.0,ELEMENTARY,0.0
9440,1.0,9.0,4.0,ELEMENTARY,0.0
9441,1.0,44.0,4.0,ELEMENTARY,0.0
9450,2.0,44.0,1.0,ELEMENTARY,0.0
9453,2.0,28.0,3.0,ELEMENTARY,0.0
9466,1.0,49.0,2.0,ELEMENTARY,0.0
9473,1.0,14.0,1.0,ELEMENTARY,0.0
9484,1.0,94.0,3.0,ELEMENTARY,0.0
9497,2.0,49.0,1.0,ELEMENTARY,0.0
9499,1.0,8.0,4.0,ELEMENTARY,0.0
9500,1.0,34.0,1.0,ELEMENTARY,0.0
9501,2.0,22.0,1.0,ELEMENTARY,0.0
9502,1.0,9.0,3.0,ELEMENTARY,0.0
9504,1.0,64.0,3.0,ELEMENTARY,0.0
9511,1.0,34.0,3.0,ELEMENTARY,0.0
9521,2.0,31.0,4.0,ELEMENTARY,0.0
9522,1.0,473.0,3.0,COLLEGE,0.0
9525,1.0,33.0,1.0,ELEMENTARY,0.0
9527,2.0,7.0,4.0,ELEMENTARY,0.0
9529,1.0,31.0,3.0,ELEMENTARY,0.0
9530,2.0,8.0,3.0,ELEMENTARY,0.0
9536,1.0,2.0,3.0,ELEMENTARY,0.0
9539,1.0,61.0,3.0,ELEMENTARY,0.0
9541,2.0,67.0,1.0,ELEMENTARY,0.0
9546,1.0,196.0,4.0,ELEMENTARY,0.0
9550,2.0,38.0,3.0,ELEMENTARY,0.0
9552,2.0,2.0,1.0,ELEMENTARY,0.0
9560,1.0,7.0,4.0,ELEMENTARY,0.0
9564,2.0,149.0,1.0,ELEMENTARY,0.0
9565,1.0,41.0,4.0,ELEMENTARY,0.0
9568,2.0,332.0,5.0,COLLEGE,0.0
9581,1.0,56.0,3.0,ELEMENTARY,0.0
9592,1.0,69.0,4.0,ELEMENTARY,0.0
9596,2.0,213.0,1.0,ELEMENTARY,0.0
9601,1.0,35.0,3.0,ELEMENTARY,0.0
9603,2.0,25.0,3.0,ELEMENTARY,0.0
9606,1.0,65.0,4.0,ELEMENTARY,0.0
9608,1.0,25.0,4.0,ELEMENTARY,0.0
9611,2.0,25.0,4.0,ELEMENTARY,0.0
9622,2.0,66.0,3.0,ELEMENTARY,0.0
9623,2.0,27.0,1.0,ELEMENTARY,0.0
9627,1.0,13.0,1.0,ELEMENTARY,0.0
9629,2.0,25.0,1.0,ELEMENTARY,0.0
9639,1.0,2.0,3.0,ELEMENTARY,0.0
9651,2.0,4.0,1.0,ELEMENTARY,0.0
9652,1.0,978.0,3.0,HIGHSCHOOL,1.0
9658,1.0,26.0,3.0,ELEMENTARY,0.0
9659,1.0,5.0,4.0,ELEMENTARY,0.0
9662,2.0,1068.0,3.0,OTHERS,1.0
9665,1.0,658.0,3.0,OTHERS,0.0
9666,2.0,6.0,3.0,ELEMENTARY,0.0
9678,2.0,454.0,4.0,COLLEGE,0.0
9690,1.0,19.0,3.0,ELEMENTARY,0.0
9693,1.0,35.0,5.0,ELEMENTARY,0.0
9698,2.0,60.0,2.0,ELEMENTARY,0.0
9699,2.0,38.0,4.0,ELEMENTARY,0.0
9706,2.0,53.0,4.0,ELEMENTARY,0.0
9708,1.0,54.0,3.0,ELEMENTARY,0.0
9719,2.0,76.0,4.0,ELEMENTARY,0.0
9720,2.0,19.0,1.0,ELEMENTARY,0.0
9724,1.0,60.0,4.0,ELEMENTARY,0.0
9737,1.0,872.0,1.0,ELEMENTARY,1.0
9738,1.0,36.0,1.0,ELEMENTARY,0.0
9741,1.0,61.0,3.0,ELEMENTARY,0.0
9747,1.0,52.0,1.0,ELEMENTARY,0.0
9757,1.0,18.0,1.0,ELEMENTARY,0.0
9758,2.0,12.0,1.0,ELEMENTARY,0.0
9767,2.0,48.0,4.0,ELEMENTARY,0.0
9771,2.0,2.0,2.0,ELEMENTARY,0.0
9774,1.0,52.0,1.0,ELEMENTARY,0.0
9776,1.0,28.0,4.0,ELEMENTARY,0.0
9786,2.0,69.0,4.0,ELEMENTARY,0.0
9787,2.0,49.0,1.0,ELEMENTARY,0.0
9788,2.0,44.0,4.0,ELEMENTARY,0.0
9789,2.0,7.0,2.0,ELEMENTARY,0.0
9800,2.0,360.0,3.0,OTHERS,0.0
9801,2.0,30.0,4.0,ELEMENTARY,0.0
9810,1.0,15.0,3.0,ELEMENTARY,0.0
9812,2.0,48.0,4.0,ELEMENTARY,0.0
9814,1.0,56.0,4.0,ELEMENTARY,0.0
9816,2.0,20.0,1.0,ELEMENTARY,0.0
9818,2.0,45.0,4.0,ELEMENTARY,0.0
9829,2.0,67.0,1.0,ELEMENTARY,0.0
9831,2.0,41.0,4.0,ELEMENTARY,0.0
9832,2.0,34.0,4.0,ELEMENTARY,0.0
9833,2.0,32.0,1.0,ELEMENTARY,0.0
9840,2.0,48.0,1.0,ELEMENTARY,0.0
9849,2.0,41.0,4.0,ELEMENTARY,0.0
9852,2.0,49.0,3.0,ELEMENTARY,0.0
9860,1.0,65.0,4.0,ELEMENTARY,0.0
9867,1.0,72.0,1.0,ELEMENTARY,0.0
9869,1.0,390.0,4.0,HIGHSCHOOL,0.0
9870,1.0,58.0,4.0,ELEMENTARY,0.0
9873,1.0,7.0,3.0,ELEMENTARY,0.0
9875,1.0,54.0,3.0,ELEMENTARY,0.0
9880,2.0,67.0,4.0,ELEMENTARY,0.0
9891,2.0,18.0,4.0,ELEMENTARY,0.0
9896,1.0,22.0,1.0,ELEMENTARY,0.0
9902,2.0,4.0,4.0,ELEMENTARY,0.0
9904,1.0,13.0,1.0,ELEMENTARY,0.0
9908,1.0,34.0,4.0,ELEMENTARY,0.0
9918,2.0,45.0,2.0,ELEMENTARY,0.0
9925,2.0,27.0,2.0,ELEMENTARY,0.0
9932,1.0,37.0,1.0,ELEMENTARY,0.0
9934,1.0,2.0,2.0,ELEMENTARY,0.0
9935,2.0,190.0,3.0,ELEMENTARY,0.0
9937,2.0,7.0,4.0,ELEMENTARY,0.0
9940,1.0,64.0,1.0,ELEMENTARY,0.0
9941,1.0,2.0,3.0,ELEMENTARY,0.0
9942,2.0,28.0,3.0,ELEMENTARY,0.0
9944,2.0,28.0,3.0,ELEMENTARY,0.0
9946,2.0,1.0,3.0,ELEMENTARY,0.0
9952,2.0,46.0,3.0,ELEMENTARY,0.0
9956,1.0,71.0,3.0,ELEMENTARY,0.0
9957,1.0,1068.0,3.0,OTHERS,1.0
9958,2.0,53.0,4.0,ELEMENTARY,0.0
9959,2.0,62.0,3.0,ELEMENTARY,0.0
9964,2.0,48.0,4.0,ELEMENTARY,0.0
9969,2.0,41.0,4.0,ELEMENTARY,0.0
9987,2.0,64.0,2.0,ELEMENTARY,0.0
9993,2.0,10.0,3.0,ELEMENTARY,0.0
9998,2.0,71.0,3.0,ELEMENTARY,0.0
10003,2.0,461.0,1.0,OTHERS,0.0
10004,1.0,291.0,4.0,OTHERS,0.0
10018,1.0,62.0,1.0,ELEMENTARY,0.0
10021,2.0,26.0,1.0,ELEMENTARY,0.0
10024,1.0,25.0,3.0,ELEMENTARY,0.0
10025,2.0,51.0,3.0,ELEMENTARY,0.0
10028,2.0,57.0,3.0,ELEMENTARY,0.0
10034,2.0,16.0,4.0,ELEMENTARY,0.0
10039,1.0,15.0,4.0,ELEMENTARY,0.0
10042,2.0,785.0,3.0,HIGHSCHOOL,0.0
10045,1.0,26.0,4.0,ELEMENTARY,0.0
10046,2.0,57.0,3.0,ELEMENTARY,0.0
10047,1.0,11.0,4.0,ELEMENTARY,0.0
10049,2.0,582.0,1.0,ELEMENTARY,0.0
10051,2.0,60.0,5.0,ELEMENTARY,0.0
10069,1.0,721.0,3.0,HIGHSCHOOL,0.0
10072,1.0,32.0,3.0,ELEMENTARY,0.0
10086,1.0,33.0,1.0,ELEMENTARY,0.0
10099,1.0,44.0,3.0,ELEMENTARY,0.0
10101,1.0,46.0,1.0,ELEMENTARY,0.0
10114,2.0,42.0,4.0,ELEMENTARY,0.0
10115,2.0,71.0,1.0,ELEMENTARY,0.0
10118,1.0,51.0,2.0,ELEMENTARY,0.0
10120,1.0,34.0,3.0,ELEMENTARY,0.0
10122,1.0,50.0,3.0,ELEMENTARY,0.0
10123,1.0,450.0,4.0,ELEMENTARY,0.0
10130,1.0,36.0,1.0,ELEMENTARY,0.0
10135,1.0,41.0,4.0,ELEMENTARY,0.0
10136,2.0,67.0,5.0,ELEMENTARY,0.0
10148,2.0,12.0,3.0,ELEMENTARY,0.0
10149,2.0,731.0,3.0,ELEMENTARY,0.0
10153,1.0,1068.0,3.0,OTHERS,1.0
10155,2.0,16.0,3.0,ELEMENTARY,0.0
10163,1.0,40.0,4.0,ELEMENTARY,0.0
10164,1.0,63.0,4.0,ELEMENTARY,0.0
10166,1.0,35.0,4.0,ELEMENTARY,0.0
10168,2.0,50.0,1.0,ELEMENTARY,0.0
10169,1.0,9.0,1.0,ELEMENTARY,0.0
10171,2.0,8.0,1.0,ELEMENTARY,0.0
10172,1.0,21.0,4.0,ELEMENTARY,0.0
10175,2.0,3.0,3.0,ELEMENTARY,0.0
10178,2.0,4.0,1.0,ELEMENTARY,0.0
10180,2.0,989.0,3.0,OTHERS,1.0
10181,1.0,3.0,3.0,ELEMENTARY,0.0
10182,2.0,8.0,3.0,ELEMENTARY,0.0
10184,2.0,50.0,4.0,ELEMENTARY,0.0
10191,1.0,2.0,5.0,ELEMENTARY,0.0
10196,1.0,10.0,1.0,ELEMENTARY,0.0
10198,1.0,10.0,4.0,ELEMENTARY,0.0
10203,1.0,9.0,1.0,ELEMENTARY,0.0
10208,2.0,990.0,3.0,ELEMENTARY,1.0
10210,1.0,675.0,4.0,ELEMENTARY,0.0
10214,1.0,31.0,1.0,ELEMENTARY,0.0
10218,1.0,11.0,4.0,ELEMENTARY,0.0
10219,2.0,91.0,1.0,ELEMENTARY,0.0
10221,1.0,48.0,4.0,ELEMENTARY,0.0
10232,1.0,19.0,1.0,ELEMENTARY,0.0
10236,2.0,17.0,4.0,ELEMENTARY,0.0
10240,1.0,63.0,5.0,ELEMENTARY,0.0
10244,2.0,20.0,4.0,ELEMENTARY,0.0
10245,1.0,63.0,3.0,ELEMENTARY,0.0
10246,2.0,33.0,1.0,ELEMENTARY,0.0
10254,1.0,18.0,4.0,ELEMENTARY,0.0
10257,2.0,52.0,4.0,ELEMENTARY,0.0
10264,1.0,3.0,4.0,ELEMENTARY,0.0
10265,2.0,21.0,5.0,ELEMENTARY,0.0
10266,1.0,42.0,2.0,ELEMENTARY,0.0
10268,2.0,22.0,1.0,ELEMENTARY,0.0
10270,2.0,33.0,4.0,ELEMENTARY,0.0
10272,1.0,50.0,3.0,ELEMENTARY,0.0
10273,2.0,26.0,1.0,ELEMENTARY,0.0
10283,1.0,29.0,1.0,ELEMENTARY,0.0
10284,2.0,6.0,2.0,ELEMENTARY,0.0
10285,2.0,1019.0,3.0,OTHERS,1.0
10294,2.0,54.0,1.0,ELEMENTARY,0.0
10296,1.0,48.0,3.0,ELEMENTARY,0.0
10298,2.0,9.0,1.0,ELEMENTARY,0.0
10302,1.0,27.0,3.0,ELEMENTARY,0.0
10304,1.0,31.0,3.0,ELEMENTARY,0.0
10306,2.0,24.0,1.0,ELEMENTARY,0.0
10314,1.0,15.0,4.0,ELEMENTARY,0.0
10316,1.0,24.0,1.0,ELEMENTARY,0.0
10328,1.0,10.0,1.0,ELEMENTARY,0.0
10329,2.0,28.0,1.0,ELEMENTARY,0.0
10336,1.0,9.0,1.0,ELEMENTARY,0.0
10343,1.0,2.0,3.0,ELEMENTARY,0.0
